Workbook

Sheet INTRA LABORAL A
EO1: DIMENSION 1 | ES1: DIMENSION 2 | EX1: DIMENSION 3 | FF1: DIMENSION 4 | FH1: VALOR TOTAL POR DOMINIOS | FL1: TOTALES | FN1: DIMENSION 1 | FR1: DIMENSION 2 | FW1: DIMENSION 3 | GE1: DIMENSION 4 | GG1: DOMINIOS | GK1: TOTALES | GM1: Factores de Transformacion para el total de la evaluacion general de factores de riesgo psicosocial (Intra y Extra)
A2: FICHA DE DATOS GENERALES | V2: PREGUNTAS
EO3: LIDERERAZGO Y RELACIONES EN EL TRABAJO | ES3: CONTROL SOBRE EL TRABAJO | EX3: DEMANDAS DEL TRABAJO | FF3: RECOMPENSAS | FN3: LIDERERAZGO Y RELACIONES EN EL TRABAJO | FR3: CONTROL SOBRE EL TRABAJO | FW3: DEMANDAS DEL TRABAJO | GE3: RECOMPENSAS
A4: Item | B4: Nombre | C4: Identificacion | D4: Sexo | E4: Año Nacimiento | F4: Estado Civil | G4: Ultimo nivel de estudio | H4: Ocupacion/Profesion | I4: Lugar de Residencia | J4: Estrato | K4: Tipo de Vivienda | L4: Numero de personas a cargo | M4: Lugar donde trabaja actualmente | N4: Tiempo de trabajo en la empresa | O4: Cargo actual | P4: Seleccione el tipo de cargo | Q4: Hace cuantos años que desempeña el cargo u oficio en la empresa | R4: Nombre del area o seccion de la empresa en el que trabaja | S4: Tipo de contrato | T4: Horas diarias de trabajo al dia | U4: Tipo de salario que recibe | V4: 1 | W4: 2 | X4: 3 | Y4: 4 | Z4: 5 | AA4: 6 | AB4: 7 | AC4: 8 | AD4: 9 | AE4: 10 | AF4: 11 | AG4: 12 | AH4: 13 | AI4: 14 | AJ4: 15 | AK4: 16 | AL4: 17 | AM4: 18 | AN4: 19 | AO4: 20 | AP4: 21 | AQ4: 22 | AR4: 23 | AS4: 24 | AT4: 25 | AU4: 26 | AV4: 27 | AW4: 28 | AX4: 29 | AY4: 30 | AZ4: 31 | BA4: 32 | BB4: 33 | BC4: 34 | BD4: 35 | BE4: 36 | BF4: 37 | BG4: 38 | BH4: 39 | BI4: 40 | BJ4: 41 | BK4: 42 | BL4: 43 | BM4: 44 | BN4: 45 | BO4: 46 | BP4: 47 | BQ4: 48 | BR4: 49 | BS4: 50 | BT4: 51 | BU4: 52 | BV4: 53 | BW4: 54 | BX4: 55 | BY4: 56 | BZ4: 57 | CA4: 58 | CB4: 59 | CC4: 60 | CD4: 61 | CE4: 62 | CF4: 63 | CG4: 64 | CH4: 65 | CI4: 66 | CJ4: 67 | CK4: 68 | CL4: 69 | CM4: 70 | CN4: 71 | CO4: 72 | CP4: 73 | CQ4: 74 | CR4: 75 | CS4: 76 | CT4: 77 | CU4: 78 | CV4: 79 | CW4: 80 | CX4: 81 | CY4: 82 | CZ4: 83 | DA4: 84 | DB4: 85 | DC4: 86 | DD4: 87 | DE4: 88 | DF4: 89 | DG4: 90 | DH4: 91 | DI4: 92 | DJ4: 93 | DK4: 94 | DL4: 95 | DM4: 96 | DN4: 97 | DO4: 98 | DP4: 99 | DQ4: 100 | DR4: 101 | DS4: 102 | DT4: 103 | DU4: 104 | DV4: 105 | DW4: 106 | DX4: 107 | DY4: 108 | DZ4: 109 | EA4: 110 | EB4: 111 | EC4: 112 | ED4: 113 | EE4: 114 | EF4: 115 | EG4: 116 | EH4: 117 | EI4: 118 | EJ4: 119 | EK4: 120 | EL4: 121 | EM4: 122 | EN4: 123 | EO4: Caracteristicas del Liderazgo | EP4: Relaciones sociales en el trabajo | EQ4: Retroalimentacion del desempeño | ER4: Relacion con los colaboradores | ES4: Claridad del Rol | ET4: Capacitacion | EU4: Participacion y manejo del cambio | EV4: Oportunidades para el uso y desarrollo de habilidades y conocimientos | EW4: Control y autonomia sobre el trabajo | EX4: Demandas ambientales y de esfuerzo fisico | EY4: Demandas emocionales | EZ4: Demandas cualitativas | FA4: Influencia del trabajo sobre el entorno extralaboral | FB4: Exigencias de responsabilidad del cargo | FC4: Demandas de carga mental | FD4: Consistencia del Rol | FE4: Demandas de la jornada de trabajo | FF4: Recompensas derivadas de la pertenencia a la organización y del trabajo que se realiza | FG4: Reconocimientos y compensacion | FH4: LIDERAZGO Y RELACIONES SOCIALES EN EL TRABAJO | FI4: CONTROL SOBRE EL TRABAJO | FJ4: DEMANDAS DEL TRABAJO | FK4: RECOMPENSAS | FL4: Total General Factores de Riesgo Psicosocial Intralaboral | FN4: Caracteristicas del Liderazgo | FO4: Relaciones sociales en el trabajo | FP4: Retroalimentacion del desempeño | FQ4: Relacion con los colaboradores | FR4: Claridad del Rol | FS4: Capacitacion | FT4: Participacion y manejo del cambio | FU4: Oportunidades para el uso y desarrollo de habilidades y conocimientos | FV4: Control y autonomia sobre el trabajo | FW4: Demandas ambientales y de esfuerzo fisico | FX4: Demandas emocionales | FY4: Demandas cualitativas | FZ4: Influencia del trabajo sobre el entorno extralaboral | GA4: Exigencias de responsabilidad del cargo | GB4: Demandas de carga mental | GC4: Consistencia del Rol | GD4: Demandas de la jornada de trabajo | GE4: Recompensas derivadas de la pertenencia a la organización y del trabajo que se realiza | GF4: Reconocimientos y compensacion | GG4: LIDERAZGO Y RELACIONES SOCIALES EN EL TRABAJO | GH4: CONTROL SOBRE EL TRABAJO | GI4: DEMANDAS DEL TRABAJO | GJ4: RECOMPENSAS | GK4: Total General Factores de Riesgo Psicosocial Intralaboral | GM4: Sumatoria Intra - Extra Forma A | GN4: Puntaje Total de la Evaluacion General de factores de riesgo psicosocial (Suma intra + extra)
A5: 1 | B5: Adriana Katheribe Farfan | C5: 1075274331 | D5: f | E5: 1993 | F5: Casado | G5: Post-grado incompleto | H5: Ingeniero industrial | I5: Neiva | J5: 2 | K5: Propia | L5: 1 | M5: Neiva - Huila | N5: 3 años | O5: Administrdora | P5: Jefatura - tiene personal a cargo | Q5: 1 año | R5: Administración | S5: Temporal de menos de 1 año | T5: 8 | U5: Fijo | V5: 0 | W5: 0 | X5: 0 | Y5: 0 | Z5: 0 | AA5: 0 | AB5: 0 | AC5: 0 | AD5: 0 | AE5: 0 | AF5: 0 | AG5: 0 | AH5: 2 | AI5: 2 | AJ5: 2 | AK5: 3 | AL5: 4 | AM5: 3 | AN5: 2 | AO5: 2 | AP5: 2 | AQ5: 4 | AR5: 4 | AS5: 3 | AT5: 4 | AU5: 3 | AV5: 1 | AW5: 0 | AX5: 3 | AY5: 3 | AZ5: 4 | BA5: 1 | BB5: 1 | BC5: 4 | BD5: 0 | BE5: 0 | BF5: 2 | BG5: 1 | BH5: 0 | BI5: 0 | BJ5: 0 | BK5: 1 | BL5: 1 | BM5: 3 | BN5: 3 | BO5: 2 | BP5: 3 | BQ5: 2 | BR5: 0 | BS5: 1 | BT5: 1 | BU5: 1 | BV5: 1 | BW5: 1 | BX5: 1 | BY5: 0 | BZ5: 0 | CA5: 0 | CB5: 0 | CC5: 0 | CD5: 0 | CE5: 1 | CF5: 1 | CG5: 2 | CH5: 0 | CI5: 0 | CJ5: 3 | CK5: 1 | CL5: 1 | CM5: 0 | CN5: 1 | CO5: 0 | CP5: 0 | CQ5: 0 | CR5: 0 | CS5: 0 | CT5: 0 | CU5: 1 | CV5: 0 | CW5: 0 | CX5: 0 | CY5: 0 | CZ5: 1 | DA5: 0 | DB5: 0 | DC5: 0 | DD5: 1 | DE5: 0 | DF5: 0 | DG5: 2 | DH5: 1 | DI5: 1 | DJ5: 1 | DK5: 1 | DL5: 0 | DM5: 0 | DN5: 0 | DO5: 0 | DP5: 0 | DQ5: 0 | DR5: 0 | DS5: 0 | DT5: 0 | DU5: 0 | DV5: 0 | DW5: 1 | DX5: 2 | DY5: 1 | DZ5: 0 | EA5: 0 | EB5: 1 | EC5: 2 | ED5: 0 | EE5: 0 | EF5: 3 | EG5: 0 | EH5: 2 | EI5: 1 | EJ5: 1 | EK5: 0 | EL5: 0 | EM5: 2 | EN5: 0 | EO5: =+SUM(CF5:CR5) -> 9 | EP5: =+SUM(CS5:DF5) -> 3 | EQ5: =+SUM(DG5:DK5) -> 6 | ER5: =+SUM(EF5:EN5) -> 9 | ES5: =+SUM(BV5:CB5) -> 3 | ET5: =+SUM(CC5:CE5) -> 1 | EU5: =+SUM(BQ5:BT5) -> 4 | EV5: =+SUM(BH5:BK5) -> 1 | EW5: =+SUM(BM5:BO5) -> 8 | EX5: =+SUM(V5:AG5) -> 0 | EY5: =+SUM(DW5:EE5) -> 7 | EZ5: =+SUM(AH5+AI5+AJ5+BA5+BL5+BP5) -> 11 | FA5: =SUM(BD5:BG5) -> 3 | FB5: =+SUM(AN5+AQ5+AR5+AS5+AT5+AU5) -> 20 | FC5: =+SUM(AK5+AL5+AM5+AO5+AP5) -> 14 | FD5: =+SUM(AV5+AW5+AX5+AY5+BU5) -> 8 | FE5: =+SUM(AZ5+BB5+BC5) -> 9 | FF5: =+SUM(DL5+DS5+DT5+DU5+DV5) -> 0 | FG5: =+SUM(DM5:DR5) -> 0 | FH5: =+SUM(EO5:ER5) -> 27 | FI5: =+SUM(ES5:EW5) -> 17 | FJ5: =+SUM(EX5:FE5) -> 72 | FK5: =+SUM(FF5:FG5) -> 0 | FL5: =+SUM(FH5:FK5) -> 116 | FN5: =+SUM(EO5/52)*100 -> 17.307692 | FO5: =+SUM(EP5/56)*100 -> 5.3571429 | FP5: =+SUM(EQ5/20)*100 -> 30 | FQ5: =+SUM(ER5/36)*100 -> 25 | FR5: =+SUM(ES5/28)*100 -> 10.714286 | FS5: =+SUM(ET5/12)*100 -> 8.3333333 | FT5: =+SUM(EU5/16)*100 -> 25 | FU5: =+SUM(EV5/16)*100 -> 6.25 | FV5: =+SUM(EW5/12)*100 -> 66.666667 | FW5: =+SUM(EX5/48)*100 -> 0 | FX5: =+SUM(EY5/36)*100 -> 19.444444 | FY5: =+SUM(EZ5/24)*100 -> 45.833333 | FZ5: =+SUM(FA5/16)*100 -> 18.75 | GA5: =+SUM(FB5/24)*100 -> 83.333333 | GB5: =+SUM(FC5/20)*100 -> 70 | GC5: =+SUM(FD5/20)*100 -> 40 | GD5: =+SUM(FE5/12)*100 -> 75 | GE5: =+SUM(FF5/20)*100 -> 0 | GF5: =+SUM(FG5/24)*100 -> 0 | GG5: =+SUM(FH5/164)*100 -> 16.463415 | GH5: =+SUM(FI5/84)*100 -> 20.238095 | GI5: =+SUM(FJ5/200)*100 -> 36 | GJ5: =+SUM(FK5/44)*100 -> 0 | GK5: =+SUM(FL5/492)*100 -> 23.577236 | GM5: =FL5+'EXTRALABORAL A '!BH4 -> 143 | GN5: =+SUM(GM5/616)*100 -> 23.214286
A6: 2 | B6: Ever Adames Ramón | C6: 7696889 | D6: m | E6: 1974 | F6: Soltero (a) | G6: Post-grado completo | H6: Ingeniero | I6: Neiva | J6: 3 | K6: Propia | L6: 1 | M6: Neiva - Huila | N6: 20 años | O6: Gerente | P6: Jefatura - tiene personal a cargo | Q6: 10 años | R6: Gerencia | S6: Termino Indefinido | T6: 8 | U6: Una Parte fija y otra variable | V6: 0 | W6: 0 | X6: 0 | Y6: 0 | Z6: 0 | AA6: 0 | AB6: 0 | AC6: 0 | AD6: 0 | AE6: 1 | AF6: 1 | AG6: 4 | AH6: 0 | AI6: 0 | AJ6: 0 | AK6: 1 | AL6: 3 | AM6: 2 | AN6: 2 | AO6: 1 | AP6: 3 | AQ6: 1 | AR6: 3 | AS6: 3 | AT6: 4 | AU6: 2 | AV6: 0 | AW6: 0 | AX6: 0 | AY6: 0 | AZ6: 0 | BA6: 0 | BB6: 0 | BC6: 0 | BD6: 0 | BE6: 0 | BF6: 0 | BG6: 0 | BH6: 0 | BI6: 0 | BJ6: 0 | BK6: 0 | BL6: 0 | BM6: 0 | BN6: 0 | BO6: 0 | BP6: 0 | BQ6: 0 | BR6: 0 | BS6: 0 | BT6: 0 | BU6: 0 | BV6: 0 | BW6: 0 | BX6: 0 | BY6: 0 | BZ6: 0 | CA6: 0 | CB6: 0 | CC6: 0 | CD6: 0 | CE6: 0 | CF6: 0 | CG6: 0 | CH6: 0 | CI6: 0 | CJ6: 0 | CK6: 0 | CL6: 0 | CM6: 0 | CN6: 0 | CO6: 0 | CP6: 0 | CQ6: 0 | CR6: 0 | CS6: 0 | CT6: 0 | CU6: 0 | CV6: 0 | CW6: 0 | CX6: 0 | CY6: 0 | CZ6: 0 | DA6: 0 | DB6: 0 | DC6: 0 | DD6: 0 | DE6: 0 | DF6: 0 | DG6: 0 | DH6: 0 | DI6: 0 | DJ6: 0 | DK6: 0 | DL6: 0 | DM6: 0 | DN6: 0 | DO6: 0 | DP6: 0 | DQ6: 0 | DR6: 0 | DS6: 0 | DT6: 0 | DU6: 0 | DV6: 0 | DW6: 0 | DX6: 0 | DY6: 0 | DZ6: 0 | EA6: 0 | EB6: 0 | EC6: 0 | ED6: 0 | EE6: 0 | EF6: 0 | EG6: 0 | EH6: 0 | EI6: 0 | EJ6: 0 | EK6: 0 | EL6: 0 | EM6: 0 | EN6: 0 | EO6: =+SUM(CF6:CR6) -> 0 | EP6: =+SUM(CS6:DF6) -> 0 | EQ6: =+SUM(DG6:DK6) -> 0 | ER6: =+SUM(EF6:EN6) -> 0 | ES6: =+SUM(BV6:CB6) -> 0 | ET6: =+SUM(CC6:CE6) -> 0 | EU6: =+SUM(BQ6:BT6) -> 0 | EV6: =+SUM(BH6:BK6) -> 0 | EW6: =+SUM(BM6:BO6) -> 0 | EX6: =+SUM(V6:AG6) -> 6 | EY6: =+SUM(DW6:EE6) -> 0 | EZ6: =+SUM(AH6+AI6+AJ6+BA6+BL6+BP6) -> 0 | FA6: =SUM(BD6:BG6) -> 0 | FB6: =+SUM(AN6+AQ6+AR6+AS6+AT6+AU6) -> 15 | FC6: =+SUM(AK6+AL6+AM6+AO6+AP6) -> 10 | FD6: =+SUM(AV6+AW6+AX6+AY6+BU6) -> 0 | FE6: =+SUM(AZ6+BB6+BC6) -> 0 | FF6: =+SUM(DL6+DS6+DT6+DU6+DV6) -> 0 | FG6: =+SUM(DM6:DR6) -> 0 | FH6: =+SUM(EO6:ER6) -> 0 | FI6: =+SUM(ES6:EW6) -> 0 | FJ6: =+SUM(EX6:FE6) -> 31 | FK6: =+SUM(FF6:FG6) -> 0 | FL6: =+SUM(FH6:FK6) -> 31 | FN6: =+SUM(EO6/52)*100 -> 0 | FO6: =+SUM(EP6/56)*100 -> 0 | FP6: =+SUM(EQ6/20)*100 -> 0 | FQ6: =+SUM(ER6/36)*100 -> 0 | FR6: =+SUM(ES6/28)*100 -> 0 | FS6: =+SUM(ET6/12)*100 -> 0 | FT6: =+SUM(EU6/16)*100 -> 0 | FU6: =+SUM(EV6/16)*100 -> 0 | FV6: =+SUM(EW6/12)*100 -> 0 | FW6: =+SUM(EX6/48)*100 -> 12.5 | FX6: =+SUM(EY6/36)*100 -> 0 | FY6: =+SUM(EZ6/24)*100 -> 0 | FZ6: =+SUM(FA6/16)*100 -> 0 | GA6: =+SUM(FB6/24)*100 -> 62.5 | GB6: =+SUM(FC6/20)*100 -> 50 | GC6: =+SUM(FD6/20)*100 -> 0 | GD6: =+SUM(FE6/12)*100 -> 0 | GE6: =+SUM(FF6/20)*100 -> 0 | GF6: =+SUM(FG6/24)*100 -> 0 | GG6: =+SUM(FH6/164)*100 -> 0 | GH6: =+SUM(FI6/84)*100 -> 0 | GI6: =+SUM(FJ6/200)*100 -> 15.5 | GJ6: =+SUM(FK6/44)*100 -> 0 | GK6: =+SUM(FL6/492)*100 -> 6.300813 | GM6: =FL6+'EXTRALABORAL A '!BH5 -> 58 | GN6: =+SUM(GM6/616)*100 -> 9.4155844
A7: 3 | EO7: =+SUM(CF7:CR7) -> 0 | EP7: =+SUM(CS7:DF7) -> 0 | EQ7: =+SUM(DG7:DK7) -> 0 | ER7: =+SUM(EF7:EN7) -> 0 | ES7: =+SUM(BV7:CB7) -> 0 | ET7: =+SUM(CC7:CE7) -> 0 | EU7: =+SUM(BQ7:BT7) -> 0 | EV7: =+SUM(BH7:BK7) -> 0 | EW7: =+SUM(BM7:BO7) -> 0 | EX7: =+SUM(V7:AG7) -> 0 | EY7: =+SUM(DW7:EE7) -> 0 | EZ7: =+SUM(AH7+AI7+AJ7+BA7+BL7+BP7) -> 0 | FA7: =SUM(BD7:BG7) -> 0 | FB7: =+SUM(AN7+AQ7+AR7+AS7+AT7+AU7) -> 0 | FC7: =+SUM(AK7+AL7+AM7+AO7+AP7) -> 0 | FD7: =+SUM(AV7+AW7+AX7+AY7+BU7) -> 0 | FE7: =+SUM(AZ7+BB7+BC7) -> 0 | FF7: =+SUM(DL7+DS7+DT7+DU7+DV7) -> 0 | FG7: =+SUM(DM7:DR7) -> 0 | FH7: =+SUM(EO7:ER7) -> 0 | FI7: =+SUM(ES7:EW7) -> 0 | FJ7: =+SUM(EX7:FE7) -> 0 | FK7: =+SUM(FF7:FG7) -> 0 | FL7: =+SUM(FH7:FK7) -> 0 | FN7: =+SUM(EO7/52)*100 -> 0 | FO7: =+SUM(EP7/56)*100 -> 0 | FP7: =+SUM(EQ7/20)*100 -> 0 | FQ7: =+SUM(ER7/36)*100 -> 0 | FR7: =+SUM(ES7/28)*100 -> 0 | FS7: =+SUM(ET7/12)*100 -> 0 | FT7: =+SUM(EU7/16)*100 -> 0 | FU7: =+SUM(EV7/16)*100 -> 0 | FV7: =+SUM(EW7/12)*100 -> 0 | FW7: =+SUM(EX7/48)*100 -> 0 | FX7: =+SUM(EY7/36)*100 -> 0 | FY7: =+SUM(EZ7/24)*100 -> 0 | FZ7: =+SUM(FA7/16)*100 -> 0 | GA7: =+SUM(FB7/24)*100 -> 0 | GB7: =+SUM(FC7/20)*100 -> 0 | GC7: =+SUM(FD7/20)*100 -> 0 | GD7: =+SUM(FE7/12)*100 -> 0 | GE7: =+SUM(FF7/20)*100 -> 0 | GF7: =+SUM(FG7/24)*100 -> 0 | GG7: =+SUM(FH7/164)*100 -> 0 | GH7: =+SUM(FI7/84)*100 -> 0 | GI7: =+SUM(FJ7/200)*100 -> 0 | GJ7: =+SUM(FK7/44)*100 -> 0 | GK7: =+SUM(FL7/492)*100 -> 0 | GM7: =FL7+'EXTRALABORAL A '!BH6 -> 0 | GN7: =+SUM(GM7/616)*100 -> 0
A8: 4 | EO8: =+SUM(CF8:CR8) -> 0 | EP8: =+SUM(CS8:DF8) -> 0 | EQ8: =+SUM(DG8:DK8) -> 0 | ER8: =+SUM(EF8:EN8) -> 0 | ES8: =+SUM(BV8:CB8) -> 0 | ET8: =+SUM(CC8:CE8) -> 0 | EU8: =+SUM(BQ8:BT8) -> 0 | EV8: =+SUM(BH8:BK8) -> 0 | EW8: =+SUM(BM8:BO8) -> 0 | EX8: =+SUM(V8:AG8) -> 0 | EY8: =+SUM(DW8:EE8) -> 0 | EZ8: =+SUM(AH8+AI8+AJ8+BA8+BL8+BP8) -> 0 | FA8: =SUM(BD8:BG8) -> 0 | FB8: =+SUM(AN8+AQ8+AR8+AS8+AT8+AU8) -> 0 | FC8: =+SUM(AK8+AL8+AM8+AO8+AP8) -> 0 | FD8: =+SUM(AV8+AW8+AX8+AY8+BU8) -> 0 | FE8: =+SUM(AZ8+BB8+BC8) -> 0 | FF8: =+SUM(DL8+DS8+DT8+DU8+DV8) -> 0 | FG8: =+SUM(DM8:DR8) -> 0 | FH8: =+SUM(EO8:ER8) -> 0 | FI8: =+SUM(ES8:EW8) -> 0 | FJ8: =+SUM(EX8:FE8) -> 0 | FK8: =+SUM(FF8:FG8) -> 0 | FL8: =+SUM(FH8:FK8) -> 0 | FN8: =+SUM(EO8/52)*100 -> 0 | FO8: =+SUM(EP8/56)*100 -> 0 | FP8: =+SUM(EQ8/20)*100 -> 0 | FQ8: =+SUM(ER8/36)*100 -> 0 | FR8: =+SUM(ES8/28)*100 -> 0 | FS8: =+SUM(ET8/12)*100 -> 0 | FT8: =+SUM(EU8/16)*100 -> 0 | FU8: =+SUM(EV8/16)*100 -> 0 | FV8: =+SUM(EW8/12)*100 -> 0 | FW8: =+SUM(EX8/48)*100 -> 0 | FX8: =+SUM(EY8/36)*100 -> 0 | FY8: =+SUM(EZ8/24)*100 -> 0 | FZ8: =+SUM(FA8/16)*100 -> 0 | GA8: =+SUM(FB8/24)*100 -> 0 | GB8: =+SUM(FC8/20)*100 -> 0 | GC8: =+SUM(FD8/20)*100 -> 0 | GD8: =+SUM(FE8/12)*100 -> 0 | GE8: =+SUM(FF8/20)*100 -> 0 | GF8: =+SUM(FG8/24)*100 -> 0 | GG8: =+SUM(FH8/164)*100 -> 0 | GH8: =+SUM(FI8/84)*100 -> 0 | GI8: =+SUM(FJ8/200)*100 -> 0 | GJ8: =+SUM(FK8/44)*100 -> 0 | GK8: =+SUM(FL8/492)*100 -> 0 | GM8: =FL8+'EXTRALABORAL A '!BH7 -> 0 | GN8: =+SUM(GM8/616)*100 -> 0
A9: 5 | EO9: =+SUM(CF9:CR9) -> 0 | EP9: =+SUM(CS9:DF9) -> 0 | EQ9: =+SUM(DG9:DK9) -> 0 | ER9: =+SUM(EF9:EN9) -> 0 | ES9: =+SUM(BV9:CB9) -> 0 | ET9: =+SUM(CC9:CE9) -> 0 | EU9: =+SUM(BQ9:BT9) -> 0 | EV9: =+SUM(BH9:BK9) -> 0 | EW9: =+SUM(BM9:BO9) -> 0 | EX9: =+SUM(V9:AG9) -> 0 | EY9: =+SUM(DW9:EE9) -> 0 | EZ9: =+SUM(AH9+AI9+AJ9+BA9+BL9+BP9) -> 0 | FA9: =SUM(BD9:BG9) -> 0 | FB9: =+SUM(AN9+AQ9+AR9+AS9+AT9+AU9) -> 0 | FC9: =+SUM(AK9+AL9+AM9+AO9+AP9) -> 0 | FD9: =+SUM(AV9+AW9+AX9+AY9+BU9) -> 0 | FE9: =+SUM(AZ9+BB9+BC9) -> 0 | FF9: =+SUM(DL9+DS9+DT9+DU9+DV9) -> 0 | FG9: =+SUM(DM9:DR9) -> 0 | FH9: =+SUM(EO9:ER9) -> 0 | FI9: =+SUM(ES9:EW9) -> 0 | FJ9: =+SUM(EX9:FE9) -> 0 | FK9: =+SUM(FF9:FG9) -> 0 | FL9: =+SUM(FH9:FK9) -> 0 | FN9: =+SUM(EO9/52)*100 -> 0 | FO9: =+SUM(EP9/56)*100 -> 0 | FP9: =+SUM(EQ9/20)*100 -> 0 | FQ9: =+SUM(ER9/36)*100 -> 0 | FR9: =+SUM(ES9/28)*100 -> 0 | FS9: =+SUM(ET9/12)*100 -> 0 | FT9: =+SUM(EU9/16)*100 -> 0 | FU9: =+SUM(EV9/16)*100 -> 0 | FV9: =+SUM(EW9/12)*100 -> 0 | FW9: =+SUM(EX9/48)*100 -> 0 | FX9: =+SUM(EY9/36)*100 -> 0 | FY9: =+SUM(EZ9/24)*100 -> 0 | FZ9: =+SUM(FA9/16)*100 -> 0 | GA9: =+SUM(FB9/24)*100 -> 0 | GB9: =+SUM(FC9/20)*100 -> 0 | GC9: =+SUM(FD9/20)*100 -> 0 | GD9: =+SUM(FE9/12)*100 -> 0 | GE9: =+SUM(FF9/20)*100 -> 0 | GF9: =+SUM(FG9/24)*100 -> 0 | GG9: =+SUM(FH9/164)*100 -> 0 | GH9: =+SUM(FI9/84)*100 -> 0 | GI9: =+SUM(FJ9/200)*100 -> 0 | GJ9: =+SUM(FK9/44)*100 -> 0 | GK9: =+SUM(FL9/492)*100 -> 0 | GM9: =FL9+'EXTRALABORAL A '!BH8 -> 0 | GN9: =+SUM(GM9/616)*100 -> 0
A10: 6 | EO10: =+SUM(CF10:CR10) -> 0 | EP10: =+SUM(CS10:DF10) -> 0 | EQ10: =+SUM(DG10:DK10) -> 0 | ER10: =+SUM(EF10:EN10) -> 0 | ES10: =+SUM(BV10:CB10) -> 0 | ET10: =+SUM(CC10:CE10) -> 0 | EU10: =+SUM(BQ10:BT10) -> 0 | EV10: =+SUM(BH10:BK10) -> 0 | EW10: =+SUM(BM10:BO10) -> 0 | EX10: =+SUM(V10:AG10) -> 0 | EY10: =+SUM(DW10:EE10) -> 0 | EZ10: =+SUM(AH10+AI10+AJ10+BA10+BL10+BP10) -> 0 | FA10: =SUM(BD10:BG10) -> 0 | FB10: =+SUM(AN10+AQ10+AR10+AS10+AT10+AU10) -> 0 | FC10: =+SUM(AK10+AL10+AM10+AO10+AP10) -> 0 | FD10: =+SUM(AV10+AW10+AX10+AY10+BU10) -> 0 | FE10: =+SUM(AZ10+BB10+BC10) -> 0 | FF10: =+SUM(DL10+DS10+DT10+DU10+DV10) -> 0 | FG10: =+SUM(DM10:DR10) -> 0 | FH10: =+SUM(EO10:ER10) -> 0 | FI10: =+SUM(ES10:EW10) -> 0 | FJ10: =+SUM(EX10:FE10) -> 0 | FK10: =+SUM(FF10:FG10) -> 0 | FL10: =+SUM(FH10:FK10) -> 0 | FN10: =+SUM(EO10/52)*100 -> 0 | FO10: =+SUM(EP10/56)*100 -> 0 | FP10: =+SUM(EQ10/20)*100 -> 0 | FQ10: =+SUM(ER10/36)*100 -> 0 | FR10: =+SUM(ES10/28)*100 -> 0 | FS10: =+SUM(ET10/12)*100 -> 0 | FT10: =+SUM(EU10/16)*100 -> 0 | FU10: =+SUM(EV10/16)*100 -> 0 | FV10: =+SUM(EW10/12)*100 -> 0 | FW10: =+SUM(EX10/48)*100 -> 0 | FX10: =+SUM(EY10/36)*100 -> 0 | FY10: =+SUM(EZ10/24)*100 -> 0 | FZ10: =+SUM(FA10/16)*100 -> 0 | GA10: =+SUM(FB10/24)*100 -> 0 | GB10: =+SUM(FC10/20)*100 -> 0 | GC10: =+SUM(FD10/20)*100 -> 0 | GD10: =+SUM(FE10/12)*100 -> 0 | GE10: =+SUM(FF10/20)*100 -> 0 | GF10: =+SUM(FG10/24)*100 -> 0 | GG10: =+SUM(FH10/164)*100 -> 0 | GH10: =+SUM(FI10/84)*100 -> 0 | GI10: =+SUM(FJ10/200)*100 -> 0 | GJ10: =+SUM(FK10/44)*100 -> 0 | GK10: =+SUM(FL10/492)*100 -> 0 | GM10: =FL10+'EXTRALABORAL A '!BH9 -> 0 | GN10: =+SUM(GM10/616)*100 -> 0
A11: 7 | EO11: =+SUM(CF11:CR11) -> 0 | EP11: =+SUM(CS11:DF11) -> 0 | EQ11: =+SUM(DG11:DK11) -> 0 | ER11: =+SUM(EF11:EN11) -> 0 | ES11: =+SUM(BV11:CB11) -> 0 | ET11: =+SUM(CC11:CE11) -> 0 | EU11: =+SUM(BQ11:BT11) -> 0 | EV11: =+SUM(BH11:BK11) -> 0 | EW11: =+SUM(BM11:BO11) -> 0 | EX11: =+SUM(V11:AG11) -> 0 | EY11: =+SUM(DW11:EE11) -> 0 | EZ11: =+SUM(AH11+AI11+AJ11+BA11+BL11+BP11) -> 0 | FA11: =SUM(BD11:BG11) -> 0 | FB11: =+SUM(AN11+AQ11+AR11+AS11+AT11+AU11) -> 0 | FC11: =+SUM(AK11+AL11+AM11+AO11+AP11) -> 0 | FD11: =+SUM(AV11+AW11+AX11+AY11+BU11) -> 0 | FE11: =+SUM(AZ11+BB11+BC11) -> 0 | FF11: =+SUM(DL11+DS11+DT11+DU11+DV11) -> 0 | FG11: =+SUM(DM11:DR11) -> 0 | FH11: =+SUM(EO11:ER11) -> 0 | FI11: =+SUM(ES11:EW11) -> 0 | FJ11: =+SUM(EX11:FE11) -> 0 | FK11: =+SUM(FF11:FG11) -> 0 | FL11: =+SUM(FH11:FK11) -> 0 | FN11: =+SUM(EO11/52)*100 -> 0 | FO11: =+SUM(EP11/56)*100 -> 0 | FP11: =+SUM(EQ11/20)*100 -> 0 | FQ11: =+SUM(ER11/36)*100 -> 0 | FR11: =+SUM(ES11/28)*100 -> 0 | FS11: =+SUM(ET11/12)*100 -> 0 | FT11: =+SUM(EU11/16)*100 -> 0 | FU11: =+SUM(EV11/16)*100 -> 0 | FV11: =+SUM(EW11/12)*100 -> 0 | FW11: =+SUM(EX11/48)*100 -> 0 | FX11: =+SUM(EY11/36)*100 -> 0 | FY11: =+SUM(EZ11/24)*100 -> 0 | FZ11: =+SUM(FA11/16)*100 -> 0 | GA11: =+SUM(FB11/24)*100 -> 0 | GB11: =+SUM(FC11/20)*100 -> 0 | GC11: =+SUM(FD11/20)*100 -> 0 | GD11: =+SUM(FE11/12)*100 -> 0 | GE11: =+SUM(FF11/20)*100 -> 0 | GF11: =+SUM(FG11/24)*100 -> 0 | GG11: =+SUM(FH11/164)*100 -> 0 | GH11: =+SUM(FI11/84)*100 -> 0 | GI11: =+SUM(FJ11/200)*100 -> 0 | GJ11: =+SUM(FK11/44)*100 -> 0 | GK11: =+SUM(FL11/492)*100 -> 0 | GM11: =FL11+'EXTRALABORAL A '!BH10 -> 0 | GN11: =+SUM(GM11/616)*100 -> 0
A12: 8 | EO12: =+SUM(CF12:CR12) -> 0 | EP12: =+SUM(CS12:DF12) -> 0 | EQ12: =+SUM(DG12:DK12) -> 0 | ER12: =+SUM(EF12:EN12) -> 0 | ES12: =+SUM(BV12:CB12) -> 0 | ET12: =+SUM(CC12:CE12) -> 0 | EU12: =+SUM(BQ12:BT12) -> 0 | EV12: =+SUM(BH12:BK12) -> 0 | EW12: =+SUM(BM12:BO12) -> 0 | EX12: =+SUM(V12:AG12) -> 0 | EY12: =+SUM(DW12:EE12) -> 0 | EZ12: =+SUM(AH12+AI12+AJ12+BA12+BL12+BP12) -> 0 | FA12: =SUM(BD12:BG12) -> 0 | FB12: =+SUM(AN12+AQ12+AR12+AS12+AT12+AU12) -> 0 | FC12: =+SUM(AK12+AL12+AM12+AO12+AP12) -> 0 | FD12: =+SUM(AV12+AW12+AX12+AY12+BU12) -> 0 | FE12: =+SUM(AZ12+BB12+BC12) -> 0 | FF12: =+SUM(DL12+DS12+DT12+DU12+DV12) -> 0 | FG12: =+SUM(DM12:DR12) -> 0 | FH12: =+SUM(EO12:ER12) -> 0 | FI12: =+SUM(ES12:EW12) -> 0 | FJ12: =+SUM(EX12:FE12) -> 0 | FK12: =+SUM(FF12:FG12) -> 0 | FL12: =+SUM(FH12:FK12) -> 0 | FN12: =+SUM(EO12/52)*100 -> 0 | FO12: =+SUM(EP12/56)*100 -> 0 | FP12: =+SUM(EQ12/20)*100 -> 0 | FQ12: =+SUM(ER12/36)*100 -> 0 | FR12: =+SUM(ES12/28)*100 -> 0 | FS12: =+SUM(ET12/12)*100 -> 0 | FT12: =+SUM(EU12/16)*100 -> 0 | FU12: =+SUM(EV12/16)*100 -> 0 | FV12: =+SUM(EW12/12)*100 -> 0 | FW12: =+SUM(EX12/48)*100 -> 0 | FX12: =+SUM(EY12/36)*100 -> 0 | FY12: =+SUM(EZ12/24)*100 -> 0 | FZ12: =+SUM(FA12/16)*100 -> 0 | GA12: =+SUM(FB12/24)*100 -> 0 | GB12: =+SUM(FC12/20)*100 -> 0 | GC12: =+SUM(FD12/20)*100 -> 0 | GD12: =+SUM(FE12/12)*100 -> 0 | GE12: =+SUM(FF12/20)*100 -> 0 | GF12: =+SUM(FG12/24)*100 -> 0 | GG12: =+SUM(FH12/164)*100 -> 0 | GH12: =+SUM(FI12/84)*100 -> 0 | GI12: =+SUM(FJ12/200)*100 -> 0 | GJ12: =+SUM(FK12/44)*100 -> 0 | GK12: =+SUM(FL12/492)*100 -> 0 | GM12: =FL12+'EXTRALABORAL A '!BH11 -> 0 | GN12: =+SUM(GM12/616)*100 -> 0
A13: 9 | CK13: 1 | EO13: =+SUM(CF13:CR13) -> 1 | EP13: =+SUM(CS13:DF13) -> 0 | EQ13: =+SUM(DG13:DK13) -> 0 | ER13: =+SUM(EF13:EN13) -> 0 | ES13: =+SUM(BV13:CB13) -> 0 | ET13: =+SUM(CC13:CE13) -> 0 | EU13: =+SUM(BQ13:BT13) -> 0 | EV13: =+SUM(BH13:BK13) -> 0 | EW13: =+SUM(BM13:BO13) -> 0 | EX13: =+SUM(V13:AG13) -> 0 | EY13: =+SUM(DW13:EE13) -> 0 | EZ13: =+SUM(AH13+AI13+AJ13+BA13+BL13+BP13) -> 0 | FA13: =SUM(BD13:BG13) -> 0 | FB13: =+SUM(AN13+AQ13+AR13+AS13+AT13+AU13) -> 0 | FC13: =+SUM(AK13+AL13+AM13+AO13+AP13) -> 0 | FD13: =+SUM(AV13+AW13+AX13+AY13+BU13) -> 0 | FE13: =+SUM(AZ13+BB13+BC13) -> 0 | FF13: =+SUM(DL13+DS13+DT13+DU13+DV13) -> 0 | FG13: =+SUM(DM13:DR13) -> 0 | FH13: =+SUM(EO13:ER13) -> 1 | FI13: =+SUM(ES13:EW13) -> 0 | FJ13: =+SUM(EX13:FE13) -> 0 | FK13: =+SUM(FF13:FG13) -> 0 | FL13: =+SUM(FH13:FK13) -> 1 | FN13: =+SUM(EO13/52)*100 -> 1.9230769 | FO13: =+SUM(EP13/56)*100 -> 0 | FP13: =+SUM(EQ13/20)*100 -> 0 | FQ13: =+SUM(ER13/36)*100 -> 0 | FR13: =+SUM(ES13/28)*100 -> 0 | FS13: =+SUM(ET13/12)*100 -> 0 | FT13: =+SUM(EU13/16)*100 -> 0 | FU13: =+SUM(EV13/16)*100 -> 0 | FV13: =+SUM(EW13/12)*100 -> 0 | FW13: =+SUM(EX13/48)*100 -> 0 | FX13: =+SUM(EY13/36)*100 -> 0 | FY13: =+SUM(EZ13/24)*100 -> 0 | FZ13: =+SUM(FA13/16)*100 -> 0 | GA13: =+SUM(FB13/24)*100 -> 0 | GB13: =+SUM(FC13/20)*100 -> 0 | GC13: =+SUM(FD13/20)*100 -> 0 | GD13: =+SUM(FE13/12)*100 -> 0 | GE13: =+SUM(FF13/20)*100 -> 0 | GF13: =+SUM(FG13/24)*100 -> 0 | GG13: =+SUM(FH13/164)*100 -> 0.6097561 | GH13: =+SUM(FI13/84)*100 -> 0 | GI13: =+SUM(FJ13/200)*100 -> 0 | GJ13: =+SUM(FK13/44)*100 -> 0 | GK13: =+SUM(FL13/492)*100 -> 0.20325203 | GM13: =FL13+'EXTRALABORAL A '!BH12 -> 1 | GN13: =+SUM(GM13/616)*100 -> 0.16233766
A14: 10 | EO14: =+SUM(CF14:CR14) -> 0 | EP14: =+SUM(CS14:DF14) -> 0 | EQ14: =+SUM(DG14:DK14) -> 0 | ER14: =+SUM(EF14:EN14) -> 0 | ES14: =+SUM(BV14:CB14) -> 0 | ET14: =+SUM(CC14:CE14) -> 0 | EU14: =+SUM(BQ14:BT14) -> 0 | EV14: =+SUM(BH14:BK14) -> 0 | EW14: =+SUM(BM14:BO14) -> 0 | EX14: =+SUM(V14:AG14) -> 0 | EY14: =+SUM(DW14:EE14) -> 0 | EZ14: =+SUM(AH14+AI14+AJ14+BA14+BL14+BP14) -> 0 | FA14: =SUM(BD14:BG14) -> 0 | FB14: =+SUM(AN14+AQ14+AR14+AS14+AT14+AU14) -> 0 | FC14: =+SUM(AK14+AL14+AM14+AO14+AP14) -> 0 | FD14: =+SUM(AV14+AW14+AX14+AY14+BU14) -> 0 | FE14: =+SUM(AZ14+BB14+BC14) -> 0 | FF14: =+SUM(DL14+DS14+DT14+DU14+DV14) -> 0 | FG14: =+SUM(DM14:DR14) -> 0 | FH14: =+SUM(EO14:ER14) -> 0 | FI14: =+SUM(ES14:EW14) -> 0 | FJ14: =+SUM(EX14:FE14) -> 0 | FK14: =+SUM(FF14:FG14) -> 0 | FL14: =+SUM(FH14:FK14) -> 0 | FN14: =+SUM(EO14/52)*100 -> 0 | FO14: =+SUM(EP14/56)*100 -> 0 | FP14: =+SUM(EQ14/20)*100 -> 0 | FQ14: =+SUM(ER14/36)*100 -> 0 | FR14: =+SUM(ES14/28)*100 -> 0 | FS14: =+SUM(ET14/12)*100 -> 0 | FT14: =+SUM(EU14/16)*100 -> 0 | FU14: =+SUM(EV14/16)*100 -> 0 | FV14: =+SUM(EW14/12)*100 -> 0 | FW14: =+SUM(EX14/48)*100 -> 0 | FX14: =+SUM(EY14/36)*100 -> 0 | FY14: =+SUM(EZ14/24)*100 -> 0 | FZ14: =+SUM(FA14/16)*100 -> 0 | GA14: =+SUM(FB14/24)*100 -> 0 | GB14: =+SUM(FC14/20)*100 -> 0 | GC14: =+SUM(FD14/20)*100 -> 0 | GD14: =+SUM(FE14/12)*100 -> 0 | GE14: =+SUM(FF14/20)*100 -> 0 | GF14: =+SUM(FG14/24)*100 -> 0 | GG14: =+SUM(FH14/164)*100 -> 0 | GH14: =+SUM(FI14/84)*100 -> 0 | GI14: =+SUM(FJ14/200)*100 -> 0 | GJ14: =+SUM(FK14/44)*100 -> 0 | GK14: =+SUM(FL14/492)*100 -> 0 | GM14: =FL14+'EXTRALABORAL A '!BH13 -> 0 | GN14: =+SUM(GM14/616)*100 -> 0
A15: 11 | EO15: =+SUM(CF15:CR15) -> 0 | EP15: =+SUM(CS15:DF15) -> 0 | EQ15: =+SUM(DG15:DK15) -> 0 | ER15: =+SUM(EF15:EN15) -> 0 | ES15: =+SUM(BV15:CB15) -> 0 | ET15: =+SUM(CC15:CE15) -> 0 | EU15: =+SUM(BQ15:BT15) -> 0 | EV15: =+SUM(BH15:BK15) -> 0 | EW15: =+SUM(BM15:BO15) -> 0 | EX15: =+SUM(V15:AG15) -> 0 | EY15: =+SUM(DW15:EE15) -> 0 | EZ15: =+SUM(AH15+AI15+AJ15+BA15+BL15+BP15) -> 0 | FA15: =SUM(BD15:BG15) -> 0 | FB15: =+SUM(AN15+AQ15+AR15+AS15+AT15+AU15) -> 0 | FC15: =+SUM(AK15+AL15+AM15+AO15+AP15) -> 0 | FD15: =+SUM(AV15+AW15+AX15+AY15+BU15) -> 0 | FE15: =+SUM(AZ15+BB15+BC15) -> 0 | FF15: =+SUM(DL15+DS15+DT15+DU15+DV15) -> 0 | FG15: =+SUM(DM15:DR15) -> 0 | FH15: =+SUM(EO15:ER15) -> 0 | FI15: =+SUM(ES15:EW15) -> 0 | FJ15: =+SUM(EX15:FE15) -> 0 | FK15: =+SUM(FF15:FG15) -> 0 | FL15: =+SUM(FH15:FK15) -> 0 | FN15: =+SUM(EO15/52)*100 -> 0 | FO15: =+SUM(EP15/56)*100 -> 0 | FP15: =+SUM(EQ15/20)*100 -> 0 | FQ15: =+SUM(ER15/36)*100 -> 0 | FR15: =+SUM(ES15/28)*100 -> 0 | FS15: =+SUM(ET15/12)*100 -> 0 | FT15: =+SUM(EU15/16)*100 -> 0 | FU15: =+SUM(EV15/16)*100 -> 0 | FV15: =+SUM(EW15/12)*100 -> 0 | FW15: =+SUM(EX15/48)*100 -> 0 | FX15: =+SUM(EY15/36)*100 -> 0 | FY15: =+SUM(EZ15/24)*100 -> 0 | FZ15: =+SUM(FA15/16)*100 -> 0 | GA15: =+SUM(FB15/24)*100 -> 0 | GB15: =+SUM(FC15/20)*100 -> 0 | GC15: =+SUM(FD15/20)*100 -> 0 | GD15: =+SUM(FE15/12)*100 -> 0 | GE15: =+SUM(FF15/20)*100 -> 0 | GF15: =+SUM(FG15/24)*100 -> 0 | GG15: =+SUM(FH15/164)*100 -> 0 | GH15: =+SUM(FI15/84)*100 -> 0 | GI15: =+SUM(FJ15/200)*100 -> 0 | GJ15: =+SUM(FK15/44)*100 -> 0 | GK15: =+SUM(FL15/492)*100 -> 0 | GM15: =FL15+'EXTRALABORAL A '!BH14 -> 0 | GN15: =+SUM(GM15/616)*100 -> 0
A16: 12 | EO16: =+SUM(CF16:CR16) -> 0 | EP16: =+SUM(CS16:DF16) -> 0 | EQ16: =+SUM(DG16:DK16) -> 0 | ER16: =+SUM(EF16:EN16) -> 0 | ES16: =+SUM(BV16:CB16) -> 0 | ET16: =+SUM(CC16:CE16) -> 0 | EU16: =+SUM(BQ16:BT16) -> 0 | EV16: =+SUM(BH16:BK16) -> 0 | EW16: =+SUM(BM16:BO16) -> 0 | EX16: =+SUM(V16:AG16) -> 0 | EY16: =+SUM(DW16:EE16) -> 0 | EZ16: =+SUM(AH16+AI16+AJ16+BA16+BL16+BP16) -> 0 | FA16: =SUM(BD16:BG16) -> 0 | FB16: =+SUM(AN16+AQ16+AR16+AS16+AT16+AU16) -> 0 | FC16: =+SUM(AK16+AL16+AM16+AO16+AP16) -> 0 | FD16: =+SUM(AV16+AW16+AX16+AY16+BU16) -> 0 | FE16: =+SUM(AZ16+BB16+BC16) -> 0 | FF16: =+SUM(DL16+DS16+DT16+DU16+DV16) -> 0 | FG16: =+SUM(DM16:DR16) -> 0 | FH16: =+SUM(EO16:ER16) -> 0 | FI16: =+SUM(ES16:EW16) -> 0 | FJ16: =+SUM(EX16:FE16) -> 0 | FK16: =+SUM(FF16:FG16) -> 0 | FL16: =+SUM(FH16:FK16) -> 0 | FN16: =+SUM(EO16/52)*100 -> 0 | FO16: =+SUM(EP16/56)*100 -> 0 | FP16: =+SUM(EQ16/20)*100 -> 0 | FQ16: =+SUM(ER16/36)*100 -> 0 | FR16: =+SUM(ES16/28)*100 -> 0 | FS16: =+SUM(ET16/12)*100 -> 0 | FT16: =+SUM(EU16/16)*100 -> 0 | FU16: =+SUM(EV16/16)*100 -> 0 | FV16: =+SUM(EW16/12)*100 -> 0 | FW16: =+SUM(EX16/48)*100 -> 0 | FX16: =+SUM(EY16/36)*100 -> 0 | FY16: =+SUM(EZ16/24)*100 -> 0 | FZ16: =+SUM(FA16/16)*100 -> 0 | GA16: =+SUM(FB16/24)*100 -> 0 | GB16: =+SUM(FC16/20)*100 -> 0 | GC16: =+SUM(FD16/20)*100 -> 0 | GD16: =+SUM(FE16/12)*100 -> 0 | GE16: =+SUM(FF16/20)*100 -> 0 | GF16: =+SUM(FG16/24)*100 -> 0 | GG16: =+SUM(FH16/164)*100 -> 0 | GH16: =+SUM(FI16/84)*100 -> 0 | GI16: =+SUM(FJ16/200)*100 -> 0 | GJ16: =+SUM(FK16/44)*100 -> 0 | GK16: =+SUM(FL16/492)*100 -> 0 | GM16: =FL16+'EXTRALABORAL A '!BH15 -> 0 | GN16: =+SUM(GM16/616)*100 -> 0
A17: 13 | EO17: =+SUM(CF17:CR17) -> 0 | EP17: =+SUM(CS17:DF17) -> 0 | EQ17: =+SUM(DG17:DK17) -> 0 | ER17: =+SUM(EF17:EN17) -> 0 | ES17: =+SUM(BV17:CB17) -> 0 | ET17: =+SUM(CC17:CE17) -> 0 | EU17: =+SUM(BQ17:BT17) -> 0 | EV17: =+SUM(BH17:BK17) -> 0 | EW17: =+SUM(BM17:BO17) -> 0 | EX17: =+SUM(V17:AG17) -> 0 | EY17: =+SUM(DW17:EE17) -> 0 | EZ17: =+SUM(AH17+AI17+AJ17+BA17+BL17+BP17) -> 0 | FA17: =SUM(BD17:BG17) -> 0 | FB17: =+SUM(AN17+AQ17+AR17+AS17+AT17+AU17) -> 0 | FC17: =+SUM(AK17+AL17+AM17+AO17+AP17) -> 0 | FD17: =+SUM(AV17+AW17+AX17+AY17+BU17) -> 0 | FE17: =+SUM(AZ17+BB17+BC17) -> 0 | FF17: =+SUM(DL17+DS17+DT17+DU17+DV17) -> 0 | FG17: =+SUM(DM17:DR17) -> 0 | FH17: =+SUM(EO17:ER17) -> 0 | FI17: =+SUM(ES17:EW17) -> 0 | FJ17: =+SUM(EX17:FE17) -> 0 | FK17: =+SUM(FF17:FG17) -> 0 | FL17: =+SUM(FH17:FK17) -> 0 | FN17: =+SUM(EO17/52)*100 -> 0 | FO17: =+SUM(EP17/56)*100 -> 0 | FP17: =+SUM(EQ17/20)*100 -> 0 | FQ17: =+SUM(ER17/36)*100 -> 0 | FR17: =+SUM(ES17/28)*100 -> 0 | FS17: =+SUM(ET17/12)*100 -> 0 | FT17: =+SUM(EU17/16)*100 -> 0 | FU17: =+SUM(EV17/16)*100 -> 0 | FV17: =+SUM(EW17/12)*100 -> 0 | FW17: =+SUM(EX17/48)*100 -> 0 | FX17: =+SUM(EY17/36)*100 -> 0 | FY17: =+SUM(EZ17/24)*100 -> 0 | FZ17: =+SUM(FA17/16)*100 -> 0 | GA17: =+SUM(FB17/24)*100 -> 0 | GB17: =+SUM(FC17/20)*100 -> 0 | GC17: =+SUM(FD17/20)*100 -> 0 | GD17: =+SUM(FE17/12)*100 -> 0 | GE17: =+SUM(FF17/20)*100 -> 0 | GF17: =+SUM(FG17/24)*100 -> 0 | GG17: =+SUM(FH17/164)*100 -> 0 | GH17: =+SUM(FI17/84)*100 -> 0 | GI17: =+SUM(FJ17/200)*100 -> 0 | GJ17: =+SUM(FK17/44)*100 -> 0 | GK17: =+SUM(FL17/492)*100 -> 0 | GM17: =FL17+'EXTRALABORAL A '!BH16 -> 0 | GN17: =+SUM(GM17/616)*100 -> 0
A18: 14 | EO18: =+SUM(CF18:CR18) -> 0 | EP18: =+SUM(CS18:DF18) -> 0 | EQ18: =+SUM(DG18:DK18) -> 0 | ER18: =+SUM(EF18:EN18) -> 0 | ES18: =+SUM(BV18:CB18) -> 0 | ET18: =+SUM(CC18:CE18) -> 0 | EU18: =+SUM(BQ18:BT18) -> 0 | EV18: =+SUM(BH18:BK18) -> 0 | EW18: =+SUM(BM18:BO18) -> 0 | EX18: =+SUM(V18:AG18) -> 0 | EY18: =+SUM(DW18:EE18) -> 0 | EZ18: =+SUM(AH18+AI18+AJ18+BA18+BL18+BP18) -> 0 | FA18: =SUM(BD18:BG18) -> 0 | FB18: =+SUM(AN18+AQ18+AR18+AS18+AT18+AU18) -> 0 | FC18: =+SUM(AK18+AL18+AM18+AO18+AP18) -> 0 | FD18: =+SUM(AV18+AW18+AX18+AY18+BU18) -> 0 | FE18: =+SUM(AZ18+BB18+BC18) -> 0 | FF18: =+SUM(DL18+DS18+DT18+DU18+DV18) -> 0 | FG18: =+SUM(DM18:DR18) -> 0 | FH18: =+SUM(EO18:ER18) -> 0 | FI18: =+SUM(ES18:EW18) -> 0 | FJ18: =+SUM(EX18:FE18) -> 0 | FK18: =+SUM(FF18:FG18) -> 0 | FL18: =+SUM(FH18:FK18) -> 0 | FN18: =+SUM(EO18/52)*100 -> 0 | FO18: =+SUM(EP18/56)*100 -> 0 | FP18: =+SUM(EQ18/20)*100 -> 0 | FQ18: =+SUM(ER18/36)*100 -> 0 | FR18: =+SUM(ES18/28)*100 -> 0 | FS18: =+SUM(ET18/12)*100 -> 0 | FT18: =+SUM(EU18/16)*100 -> 0 | FU18: =+SUM(EV18/16)*100 -> 0 | FV18: =+SUM(EW18/12)*100 -> 0 | FW18: =+SUM(EX18/48)*100 -> 0 | FX18: =+SUM(EY18/36)*100 -> 0 | FY18: =+SUM(EZ18/24)*100 -> 0 | FZ18: =+SUM(FA18/16)*100 -> 0 | GA18: =+SUM(FB18/24)*100 -> 0 | GB18: =+SUM(FC18/20)*100 -> 0 | GC18: =+SUM(FD18/20)*100 -> 0 | GD18: =+SUM(FE18/12)*100 -> 0 | GE18: =+SUM(FF18/20)*100 -> 0 | GF18: =+SUM(FG18/24)*100 -> 0 | GG18: =+SUM(FH18/164)*100 -> 0 | GH18: =+SUM(FI18/84)*100 -> 0 | GI18: =+SUM(FJ18/200)*100 -> 0 | GJ18: =+SUM(FK18/44)*100 -> 0 | GK18: =+SUM(FL18/492)*100 -> 0 | GM18: =FL18+'EXTRALABORAL A '!BH17 -> 0 | GN18: =+SUM(GM18/616)*100 -> 0
A19: 15 | EO19: =+SUM(CF19:CR19) -> 0 | EP19: =+SUM(CS19:DF19) -> 0 | EQ19: =+SUM(DG19:DK19) -> 0 | ER19: =+SUM(EF19:EN19) -> 0 | ES19: =+SUM(BV19:CB19) -> 0 | ET19: =+SUM(CC19:CE19) -> 0 | EU19: =+SUM(BQ19:BT19) -> 0 | EV19: =+SUM(BH19:BK19) -> 0 | EW19: =+SUM(BM19:BO19) -> 0 | EX19: =+SUM(V19:AG19) -> 0 | EY19: =+SUM(DW19:EE19) -> 0 | EZ19: =+SUM(AH19+AI19+AJ19+BA19+BL19+BP19) -> 0 | FA19: =SUM(BD19:BG19) -> 0 | FB19: =+SUM(AN19+AQ19+AR19+AS19+AT19+AU19) -> 0 | FC19: =+SUM(AK19+AL19+AM19+AO19+AP19) -> 0 | FD19: =+SUM(AV19+AW19+AX19+AY19+BU19) -> 0 | FE19: =+SUM(AZ19+BB19+BC19) -> 0 | FF19: =+SUM(DL19+DS19+DT19+DU19+DV19) -> 0 | FG19: =+SUM(DM19:DR19) -> 0 | FH19: =+SUM(EO19:ER19) -> 0 | FI19: =+SUM(ES19:EW19) -> 0 | FJ19: =+SUM(EX19:FE19) -> 0 | FK19: =+SUM(FF19:FG19) -> 0 | FL19: =+SUM(FH19:FK19) -> 0 | FN19: =+SUM(EO19/52)*100 -> 0 | FO19: =+SUM(EP19/56)*100 -> 0 | FP19: =+SUM(EQ19/20)*100 -> 0 | FQ19: =+SUM(ER19/36)*100 -> 0 | FR19: =+SUM(ES19/28)*100 -> 0 | FS19: =+SUM(ET19/12)*100 -> 0 | FT19: =+SUM(EU19/16)*100 -> 0 | FU19: =+SUM(EV19/16)*100 -> 0 | FV19: =+SUM(EW19/12)*100 -> 0 | FW19: =+SUM(EX19/48)*100 -> 0 | FX19: =+SUM(EY19/36)*100 -> 0 | FY19: =+SUM(EZ19/24)*100 -> 0 | FZ19: =+SUM(FA19/16)*100 -> 0 | GA19: =+SUM(FB19/24)*100 -> 0 | GB19: =+SUM(FC19/20)*100 -> 0 | GC19: =+SUM(FD19/20)*100 -> 0 | GD19: =+SUM(FE19/12)*100 -> 0 | GE19: =+SUM(FF19/20)*100 -> 0 | GF19: =+SUM(FG19/24)*100 -> 0 | GG19: =+SUM(FH19/164)*100 -> 0 | GH19: =+SUM(FI19/84)*100 -> 0 | GI19: =+SUM(FJ19/200)*100 -> 0 | GJ19: =+SUM(FK19/44)*100 -> 0 | GK19: =+SUM(FL19/492)*100 -> 0 | GM19: =FL19+'EXTRALABORAL A '!BH18 -> 0 | GN19: =+SUM(GM19/616)*100 -> 0
A20: 16 | EO20: =+SUM(CF20:CR20) -> 0 | EP20: =+SUM(CS20:DF20) -> 0 | EQ20: =+SUM(DG20:DK20) -> 0 | ER20: =+SUM(EF20:EN20) -> 0 | ES20: =+SUM(BV20:CB20) -> 0 | ET20: =+SUM(CC20:CE20) -> 0 | EU20: =+SUM(BQ20:BT20) -> 0 | EV20: =+SUM(BH20:BK20) -> 0 | EW20: =+SUM(BM20:BO20) -> 0 | EX20: =+SUM(V20:AG20) -> 0 | EY20: =+SUM(DW20:EE20) -> 0 | EZ20: =+SUM(AH20+AI20+AJ20+BA20+BL20+BP20) -> 0 | FA20: =SUM(BD20:BG20) -> 0 | FB20: =+SUM(AN20+AQ20+AR20+AS20+AT20+AU20) -> 0 | FC20: =+SUM(AK20+AL20+AM20+AO20+AP20) -> 0 | FD20: =+SUM(AV20+AW20+AX20+AY20+BU20) -> 0 | FE20: =+SUM(AZ20+BB20+BC20) -> 0 | FF20: =+SUM(DL20+DS20+DT20+DU20+DV20) -> 0 | FG20: =+SUM(DM20:DR20) -> 0 | FH20: =+SUM(EO20:ER20) -> 0 | FI20: =+SUM(ES20:EW20) -> 0 | FJ20: =+SUM(EX20:FE20) -> 0 | FK20: =+SUM(FF20:FG20) -> 0 | FL20: =+SUM(FH20:FK20) -> 0 | FN20: =+SUM(EO20/52)*100 -> 0 | FO20: =+SUM(EP20/56)*100 -> 0 | FP20: =+SUM(EQ20/20)*100 -> 0 | FQ20: =+SUM(ER20/36)*100 -> 0 | FR20: =+SUM(ES20/28)*100 -> 0 | FS20: =+SUM(ET20/12)*100 -> 0 | FT20: =+SUM(EU20/16)*100 -> 0 | FU20: =+SUM(EV20/16)*100 -> 0 | FV20: =+SUM(EW20/12)*100 -> 0 | FW20: =+SUM(EX20/48)*100 -> 0 | FX20: =+SUM(EY20/36)*100 -> 0 | FY20: =+SUM(EZ20/24)*100 -> 0 | FZ20: =+SUM(FA20/16)*100 -> 0 | GA20: =+SUM(FB20/24)*100 -> 0 | GB20: =+SUM(FC20/20)*100 -> 0 | GC20: =+SUM(FD20/20)*100 -> 0 | GD20: =+SUM(FE20/12)*100 -> 0 | GE20: =+SUM(FF20/20)*100 -> 0 | GF20: =+SUM(FG20/24)*100 -> 0 | GG20: =+SUM(FH20/164)*100 -> 0 | GH20: =+SUM(FI20/84)*100 -> 0 | GI20: =+SUM(FJ20/200)*100 -> 0 | GJ20: =+SUM(FK20/44)*100 -> 0 | GK20: =+SUM(FL20/492)*100 -> 0 | GM20: =FL20+'EXTRALABORAL A '!BH19 -> 0 | GN20: =+SUM(GM20/616)*100 -> 0
A21: 17 | EO21: =+SUM(CF21:CR21) -> 0 | EP21: =+SUM(CS21:DF21) -> 0 | EQ21: =+SUM(DG21:DK21) -> 0 | ER21: =+SUM(EF21:EN21) -> 0 | ES21: =+SUM(BV21:CB21) -> 0 | ET21: =+SUM(CC21:CE21) -> 0 | EU21: =+SUM(BQ21:BT21) -> 0 | EV21: =+SUM(BH21:BK21) -> 0 | EW21: =+SUM(BM21:BO21) -> 0 | EX21: =+SUM(V21:AG21) -> 0 | EY21: =+SUM(DW21:EE21) -> 0 | EZ21: =+SUM(AH21+AI21+AJ21+BA21+BL21+BP21) -> 0 | FA21: =SUM(BD21:BG21) -> 0 | FB21: =+SUM(AN21+AQ21+AR21+AS21+AT21+AU21) -> 0 | FC21: =+SUM(AK21+AL21+AM21+AO21+AP21) -> 0 | FD21: =+SUM(AV21+AW21+AX21+AY21+BU21) -> 0 | FE21: =+SUM(AZ21+BB21+BC21) -> 0 | FF21: =+SUM(DL21+DS21+DT21+DU21+DV21) -> 0 | FG21: =+SUM(DM21:DR21) -> 0 | FH21: =+SUM(EO21:ER21) -> 0 | FI21: =+SUM(ES21:EW21) -> 0 | FJ21: =+SUM(EX21:FE21) -> 0 | FK21: =+SUM(FF21:FG21) -> 0 | FL21: =+SUM(FH21:FK21) -> 0 | FN21: =+SUM(EO21/52)*100 -> 0 | FO21: =+SUM(EP21/56)*100 -> 0 | FP21: =+SUM(EQ21/20)*100 -> 0 | FQ21: =+SUM(ER21/36)*100 -> 0 | FR21: =+SUM(ES21/28)*100 -> 0 | FS21: =+SUM(ET21/12)*100 -> 0 | FT21: =+SUM(EU21/16)*100 -> 0 | FU21: =+SUM(EV21/16)*100 -> 0 | FV21: =+SUM(EW21/12)*100 -> 0 | FW21: =+SUM(EX21/48)*100 -> 0 | FX21: =+SUM(EY21/36)*100 -> 0 | FY21: =+SUM(EZ21/24)*100 -> 0 | FZ21: =+SUM(FA21/16)*100 -> 0 | GA21: =+SUM(FB21/24)*100 -> 0 | GB21: =+SUM(FC21/20)*100 -> 0 | GC21: =+SUM(FD21/20)*100 -> 0 | GD21: =+SUM(FE21/12)*100 -> 0 | GE21: =+SUM(FF21/20)*100 -> 0 | GF21: =+SUM(FG21/24)*100 -> 0 | GG21: =+SUM(FH21/164)*100 -> 0 | GH21: =+SUM(FI21/84)*100 -> 0 | GI21: =+SUM(FJ21/200)*100 -> 0 | GJ21: =+SUM(FK21/44)*100 -> 0 | GK21: =+SUM(FL21/492)*100 -> 0 | GM21: =FL21+'EXTRALABORAL A '!BH20 -> 0 | GN21: =+SUM(GM21/616)*100 -> 0
A22: 18 | EO22: =+SUM(CF22:CR22) -> 0 | EP22: =+SUM(CS22:DF22) -> 0 | EQ22: =+SUM(DG22:DK22) -> 0 | ER22: =+SUM(EF22:EN22) -> 0 | ES22: =+SUM(BV22:CB22) -> 0 | ET22: =+SUM(CC22:CE22) -> 0 | EU22: =+SUM(BQ22:BT22) -> 0 | EV22: =+SUM(BH22:BK22) -> 0 | EW22: =+SUM(BM22:BO22) -> 0 | EX22: =+SUM(V22:AG22) -> 0 | EY22: =+SUM(DW22:EE22) -> 0 | EZ22: =+SUM(AH22+AI22+AJ22+BA22+BL22+BP22) -> 0 | FA22: =SUM(BD22:BG22) -> 0 | FB22: =+SUM(AN22+AQ22+AR22+AS22+AT22+AU22) -> 0 | FC22: =+SUM(AK22+AL22+AM22+AO22+AP22) -> 0 | FD22: =+SUM(AV22+AW22+AX22+AY22+BU22) -> 0 | FE22: =+SUM(AZ22+BB22+BC22) -> 0 | FF22: =+SUM(DL22+DS22+DT22+DU22+DV22) -> 0 | FG22: =+SUM(DM22:DR22) -> 0 | FH22: =+SUM(EO22:ER22) -> 0 | FI22: =+SUM(ES22:EW22) -> 0 | FJ22: =+SUM(EX22:FE22) -> 0 | FK22: =+SUM(FF22:FG22) -> 0 | FL22: =+SUM(FH22:FK22) -> 0 | FN22: =+SUM(EO22/52)*100 -> 0 | FO22: =+SUM(EP22/56)*100 -> 0 | FP22: =+SUM(EQ22/20)*100 -> 0 | FQ22: =+SUM(ER22/36)*100 -> 0 | FR22: =+SUM(ES22/28)*100 -> 0 | FS22: =+SUM(ET22/12)*100 -> 0 | FT22: =+SUM(EU22/16)*100 -> 0 | FU22: =+SUM(EV22/16)*100 -> 0 | FV22: =+SUM(EW22/12)*100 -> 0 | FW22: =+SUM(EX22/48)*100 -> 0 | FX22: =+SUM(EY22/36)*100 -> 0 | FY22: =+SUM(EZ22/24)*100 -> 0 | FZ22: =+SUM(FA22/16)*100 -> 0 | GA22: =+SUM(FB22/24)*100 -> 0 | GB22: =+SUM(FC22/20)*100 -> 0 | GC22: =+SUM(FD22/20)*100 -> 0 | GD22: =+SUM(FE22/12)*100 -> 0 | GE22: =+SUM(FF22/20)*100 -> 0 | GF22: =+SUM(FG22/24)*100 -> 0 | GG22: =+SUM(FH22/164)*100 -> 0 | GH22: =+SUM(FI22/84)*100 -> 0 | GI22: =+SUM(FJ22/200)*100 -> 0 | GJ22: =+SUM(FK22/44)*100 -> 0 | GK22: =+SUM(FL22/492)*100 -> 0 | GM22: =FL22+'EXTRALABORAL A '!BH21 -> 0 | GN22: =+SUM(GM22/616)*100 -> 0
A23: 19 | EO23: =+SUM(CF23:CR23) -> 0 | EP23: =+SUM(CS23:DF23) -> 0 | EQ23: =+SUM(DG23:DK23) -> 0 | ER23: =+SUM(EF23:EN23) -> 0 | ES23: =+SUM(BV23:CB23) -> 0 | ET23: =+SUM(CC23:CE23) -> 0 | EU23: =+SUM(BQ23:BT23) -> 0 | EV23: =+SUM(BH23:BK23) -> 0 | EW23: =+SUM(BM23:BO23) -> 0 | EX23: =+SUM(V23:AG23) -> 0 | EY23: =+SUM(DW23:EE23) -> 0 | EZ23: =+SUM(AH23+AI23+AJ23+BA23+BL23+BP23) -> 0 | FA23: =SUM(BD23:BG23) -> 0 | FB23: =+SUM(AN23+AQ23+AR23+AS23+AT23+AU23) -> 0 | FC23: =+SUM(AK23+AL23+AM23+AO23+AP23) -> 0 | FD23: =+SUM(AV23+AW23+AX23+AY23+BU23) -> 0 | FE23: =+SUM(AZ23+BB23+BC23) -> 0 | FF23: =+SUM(DL23+DS23+DT23+DU23+DV23) -> 0 | FG23: =+SUM(DM23:DR23) -> 0 | FH23: =+SUM(EO23:ER23) -> 0 | FI23: =+SUM(ES23:EW23) -> 0 | FJ23: =+SUM(EX23:FE23) -> 0 | FK23: =+SUM(FF23:FG23) -> 0 | FL23: =+SUM(FH23:FK23) -> 0 | FN23: =+SUM(EO23/52)*100 -> 0 | FO23: =+SUM(EP23/56)*100 -> 0 | FP23: =+SUM(EQ23/20)*100 -> 0 | FQ23: =+SUM(ER23/36)*100 -> 0 | FR23: =+SUM(ES23/28)*100 -> 0 | FS23: =+SUM(ET23/12)*100 -> 0 | FT23: =+SUM(EU23/16)*100 -> 0 | FU23: =+SUM(EV23/16)*100 -> 0 | FV23: =+SUM(EW23/12)*100 -> 0 | FW23: =+SUM(EX23/48)*100 -> 0 | FX23: =+SUM(EY23/36)*100 -> 0 | FY23: =+SUM(EZ23/24)*100 -> 0 | FZ23: =+SUM(FA23/16)*100 -> 0 | GA23: =+SUM(FB23/24)*100 -> 0 | GB23: =+SUM(FC23/20)*100 -> 0 | GC23: =+SUM(FD23/20)*100 -> 0 | GD23: =+SUM(FE23/12)*100 -> 0 | GE23: =+SUM(FF23/20)*100 -> 0 | GF23: =+SUM(FG23/24)*100 -> 0 | GG23: =+SUM(FH23/164)*100 -> 0 | GH23: =+SUM(FI23/84)*100 -> 0 | GI23: =+SUM(FJ23/200)*100 -> 0 | GJ23: =+SUM(FK23/44)*100 -> 0 | GK23: =+SUM(FL23/492)*100 -> 0 | GM23: =FL23+'EXTRALABORAL A '!BH22 -> 0 | GN23: =+SUM(GM23/616)*100 -> 0
A24: 20 | EO24: =+SUM(CF24:CR24) -> 0 | EP24: =+SUM(CS24:DF24) -> 0 | EQ24: =+SUM(DG24:DK24) -> 0 | ER24: =+SUM(EF24:EN24) -> 0 | ES24: =+SUM(BV24:CB24) -> 0 | ET24: =+SUM(CC24:CE24) -> 0 | EU24: =+SUM(BQ24:BT24) -> 0 | EV24: =+SUM(BH24:BK24) -> 0 | EW24: =+SUM(BM24:BO24) -> 0 | EX24: =+SUM(V24:AG24) -> 0 | EY24: =+SUM(DW24:EE24) -> 0 | EZ24: =+SUM(AH24+AI24+AJ24+BA24+BL24+BP24) -> 0 | FA24: =SUM(BD24:BG24) -> 0 | FB24: =+SUM(AN24+AQ24+AR24+AS24+AT24+AU24) -> 0 | FC24: =+SUM(AK24+AL24+AM24+AO24+AP24) -> 0 | FD24: =+SUM(AV24+AW24+AX24+AY24+BU24) -> 0 | FE24: =+SUM(AZ24+BB24+BC24) -> 0 | FF24: =+SUM(DL24+DS24+DT24+DU24+DV24) -> 0 | FG24: =+SUM(DM24:DR24) -> 0 | FH24: =+SUM(EO24:ER24) -> 0 | FI24: =+SUM(ES24:EW24) -> 0 | FJ24: =+SUM(EX24:FE24) -> 0 | FK24: =+SUM(FF24:FG24) -> 0 | FL24: =+SUM(FH24:FK24) -> 0 | FN24: =+SUM(EO24/52)*100 -> 0 | FO24: =+SUM(EP24/56)*100 -> 0 | FP24: =+SUM(EQ24/20)*100 -> 0 | FQ24: =+SUM(ER24/36)*100 -> 0 | FR24: =+SUM(ES24/28)*100 -> 0 | FS24: =+SUM(ET24/12)*100 -> 0 | FT24: =+SUM(EU24/16)*100 -> 0 | FU24: =+SUM(EV24/16)*100 -> 0 | FV24: =+SUM(EW24/12)*100 -> 0 | FW24: =+SUM(EX24/48)*100 -> 0 | FX24: =+SUM(EY24/36)*100 -> 0 | FY24: =+SUM(EZ24/24)*100 -> 0 | FZ24: =+SUM(FA24/16)*100 -> 0 | GA24: =+SUM(FB24/24)*100 -> 0 | GB24: =+SUM(FC24/20)*100 -> 0 | GC24: =+SUM(FD24/20)*100 -> 0 | GD24: =+SUM(FE24/12)*100 -> 0 | GE24: =+SUM(FF24/20)*100 -> 0 | GF24: =+SUM(FG24/24)*100 -> 0 | GG24: =+SUM(FH24/164)*100 -> 0 | GH24: =+SUM(FI24/84)*100 -> 0 | GI24: =+SUM(FJ24/200)*100 -> 0 | GJ24: =+SUM(FK24/44)*100 -> 0 | GK24: =+SUM(FL24/492)*100 -> 0 | GM24: =FL24+'EXTRALABORAL A '!BH23 -> 0 | GN24: =+SUM(GM24/616)*100 -> 0
A25: 21 | EO25: =+SUM(CF25:CR25) -> 0 | EP25: =+SUM(CS25:DF25) -> 0 | EQ25: =+SUM(DG25:DK25) -> 0 | ER25: =+SUM(EF25:EN25) -> 0 | ES25: =+SUM(BV25:CB25) -> 0 | ET25: =+SUM(CC25:CE25) -> 0 | EU25: =+SUM(BQ25:BT25) -> 0 | EV25: =+SUM(BH25:BK25) -> 0 | EW25: =+SUM(BM25:BO25) -> 0 | EX25: =+SUM(V25:AG25) -> 0 | EY25: =+SUM(DW25:EE25) -> 0 | EZ25: =+SUM(AH25+AI25+AJ25+BA25+BL25+BP25) -> 0 | FA25: =SUM(BD25:BG25) -> 0 | FB25: =+SUM(AN25+AQ25+AR25+AS25+AT25+AU25) -> 0 | FC25: =+SUM(AK25+AL25+AM25+AO25+AP25) -> 0 | FD25: =+SUM(AV25+AW25+AX25+AY25+BU25) -> 0 | FE25: =+SUM(AZ25+BB25+BC25) -> 0 | FF25: =+SUM(DL25+DS25+DT25+DU25+DV25) -> 0 | FG25: =+SUM(DM25:DR25) -> 0 | FH25: =+SUM(EO25:ER25) -> 0 | FI25: =+SUM(ES25:EW25) -> 0 | FJ25: =+SUM(EX25:FE25) -> 0 | FK25: =+SUM(FF25:FG25) -> 0 | FL25: =+SUM(FH25:FK25) -> 0 | FN25: =+SUM(EO25/52)*100 -> 0 | FO25: =+SUM(EP25/56)*100 -> 0 | FP25: =+SUM(EQ25/20)*100 -> 0 | FQ25: =+SUM(ER25/36)*100 -> 0 | FR25: =+SUM(ES25/28)*100 -> 0 | FS25: =+SUM(ET25/12)*100 -> 0 | FT25: =+SUM(EU25/16)*100 -> 0 | FU25: =+SUM(EV25/16)*100 -> 0 | FV25: =+SUM(EW25/12)*100 -> 0 | FW25: =+SUM(EX25/48)*100 -> 0 | FX25: =+SUM(EY25/36)*100 -> 0 | FY25: =+SUM(EZ25/24)*100 -> 0 | FZ25: =+SUM(FA25/16)*100 -> 0 | GA25: =+SUM(FB25/24)*100 -> 0 | GB25: =+SUM(FC25/20)*100 -> 0 | GC25: =+SUM(FD25/20)*100 -> 0 | GD25: =+SUM(FE25/12)*100 -> 0 | GE25: =+SUM(FF25/20)*100 -> 0 | GF25: =+SUM(FG25/24)*100 -> 0 | GG25: =+SUM(FH25/164)*100 -> 0 | GH25: =+SUM(FI25/84)*100 -> 0 | GI25: =+SUM(FJ25/200)*100 -> 0 | GJ25: =+SUM(FK25/44)*100 -> 0 | GK25: =+SUM(FL25/492)*100 -> 0 | GM25: =FL25+'EXTRALABORAL A '!BH24 -> 0 | GN25: =+SUM(GM25/616)*100 -> 0
... A31: 27 | EO31: =+SUM(CF31:CR31) -> 0 | EP31: =+SUM(CS31:DF31) -> 0 | EQ31: =+SUM(DG31:DK31) -> 0 | ER31: =+SUM(EF31:EN31) -> 0 | ES31: =+SUM(BV31:CB31) -> 0 | ET31: =+SUM(CC31:CE31) -> 0 | EU31: =+SUM(BQ31:BT31) -> 0 | EV31: =+SUM(BH31:BK31) -> 0 | EW31: =+SUM(BM31:BO31) -> 0 | EX31: =+SUM(V31:AG31) -> 0 | EY31: =+SUM(DW31:EE31) -> 0 | EZ31: =+SUM(AH31+AI31+AJ31+BA31+BL31+BP31) -> 0 | FA31: =SUM(BD31:BG31) -> 0 | FB31: =+SUM(AN31+AQ31+AR31+AS31+AT31+AU31) -> 0 | FC31: =+SUM(AK31+AL31+AM31+AO31+AP31) -> 0 | FD31: =+SUM(AV31+AW31+AX31+AY31+BU31) -> 0 | FE31: =+SUM(AZ31+BB31+BC31) -> 0 | FF31: =+SUM(DL31+DS31+DT31+DU31+DV31) -> 0 | FG31: =+SUM(DM31:DR31) -> 0 | FH31: =+SUM(EO31:ER31) -> 0 | FI31: =+SUM(ES31:EW31) -> 0 | FJ31: =+SUM(EX31:FE31) -> 0 | FK31: =+SUM(FF31:FG31) -> 0 | FL31: =+SUM(FH31:FK31) -> 0 | FN31: =+SUM(EO31/52)*100 -> 0 | FO31: =+SUM(EP31/56)*100 -> 0 | FP31: =+SUM(EQ31/20)*100 -> 0 | FQ31: =+SUM(ER31/36)*100 -> 0 | FR31: =+SUM(ES31/28)*100 -> 0 | FS31: =+SUM(ET31/12)*100 -> 0 | FT31: =+SUM(EU31/16)*100 -> 0 | FU31: =+SUM(EV31/16)*100 -> 0 | FV31: =+SUM(EW31/12)*100 -> 0 | FW31: =+SUM(EX31/48)*100 -> 0 | FX31: =+SUM(EY31/36)*100 -> 0 | FY31: =+SUM(EZ31/24)*100 -> 0 | FZ31: =+SUM(FA31/16)*100 -> 0 | GA31: =+SUM(FB31/24)*100 -> 0 | GB31: =+SUM(FC31/20)*100 -> 0 | GC31: =+SUM(FD31/20)*100 -> 0 | GD31: =+SUM(FE31/12)*100 -> 0 | GE31: =+SUM(FF31/20)*100 -> 0 | GF31: =+SUM(FG31/24)*100 -> 0 | GG31: =+SUM(FH31/164)*100 -> 0 | GH31: =+SUM(FI31/84)*100 -> 0 | GI31: =+SUM(FJ31/200)*100 -> 0 | GJ31: =+SUM(FK31/44)*100 -> 0 | GK31: =+SUM(FL31/492)*100 -> 0 | GM31: =FL31+'EXTRALABORAL A '!BH30 -> 0 | GN31: =+SUM(GM31/616)*100 -> 0
A32: 28 | EO32: =+SUM(CF32:CR32) -> 0 | EP32: =+SUM(CS32:DF32) -> 0 | EQ32: =+SUM(DG32:DK32) -> 0 | ES32: =+SUM(BV32:CB32) -> 0 | ET32: =+SUM(CC32:CE32) -> 0 | EU32: =+SUM(BQ32:BT32) -> 0 | EV32: =+SUM(BH32:BK32) -> 0 | EW32: =+SUM(BM32:BO32) -> 0 | EX32: =+SUM(V32:AG32) -> 0 | EY32: =+SUM(DW32:EE32) -> 0 | EZ32: =+SUM(AH32+AI32+AJ32+BA32+BL32+BP32) -> 0 | FA32: =SUM(BD32:BG32) -> 0 | FB32: =+SUM(AN32+AQ32+AR32+AS32+AT32+AU32) -> 0 | FC32: =+SUM(AK32+AL32+AM32+AO32+AP32) -> 0 | FD32: =+SUM(AV32+AW32+AX32+AY32+BU32) -> 0 | FE32: =+SUM(AZ32+BB32+BC32) -> 0 | FF32: =+SUM(DL32+DS32+DT32+DU32+DV32) -> 0 | FG32: =+SUM(DM32:DR32) -> 0 | FI32: =+SUM(ES32:EW32) -> 0 | FJ32: =+SUM(EX32:FE32) -> 0 | FK32: =+SUM(FF32:FG32) -> 0 | FN32: =+SUM(EO32/52)*100 -> 0 | FO32: =+SUM(EP32/56)*100 -> 0 | FP32: =+SUM(EQ32/20)*100 -> 0 | FR32: =+SUM(ES32/28)*100 -> 0 | FS32: =+SUM(ET32/12)*100 -> 0 | FT32: =+SUM(EU32/16)*100 -> 0 | FU32: =+SUM(EV32/16)*100 -> 0 | FV32: =+SUM(EW32/12)*100 -> 0 | FW32: =+SUM(EX32/48)*100 -> 0 | FX32: =+SUM(EY32/36)*100 -> 0 | FY32: =+SUM(EZ32/24)*100 -> 0 | FZ32: =+SUM(FA32/16)*100 -> 0 | GA32: =+SUM(FB32/24)*100 -> 0 | GB32: =+SUM(FC32/20)*100 -> 0 | GC32: =+SUM(FD32/20)*100 -> 0 | GD32: =+SUM(FE32/12)*100 -> 0 | GE32: =+SUM(FF32/20)*100 -> 0 | GF32: =+SUM(FG32/24)*100 -> 0 | GH32: =+SUM(FI32/84)*100 -> 0 | GI32: =+SUM(FJ32/200)*100 -> 0 | GJ32: =+SUM(FK32/44)*100 -> 0 | GK32: =+SUM(FL32/492)*100 -> 0
A33: 29 | EO33: =+SUM(CF33:CR33) -> 0 | EP33: =+SUM(CS33:DF33) -> 0 | EQ33: =+SUM(DG33:DK33) -> 0 | ES33: =+SUM(BV33:CB33) -> 0 | ET33: =+SUM(CC33:CE33) -> 0 | EU33: =+SUM(BQ33:BT33) -> 0 | EV33: =+SUM(BH33:BK33) -> 0 | EW33: =+SUM(BM33:BO33) -> 0 | EX33: =+SUM(V33:AG33) -> 0 | EZ33: =+SUM(AH33+AI33+AJ33+BA33+BL33+BP33) -> 0 | FA33: =SUM(BD33:BG33) -> 0 | FB33: =+SUM(AN33+AQ33+AR33+AS33+AT33+AU33) -> 0 | FC33: =+SUM(AK33+AL33+AM33+AO33+AP33) -> 0 | FD33: =+SUM(AV33+AW33+AX33+AY33+BU33) -> 0 | FE33: =+SUM(AZ33+BB33+BC33) -> 0 | FF33: =+SUM(DL33+DS33+DT33+DU33+DV33) -> 0 | FG33: =+SUM(DM33:DR33) -> 0 | FI33: =+SUM(ES33:EW33) -> 0 | FK33: =+SUM(FF33:FG33) -> 0 | FN33: =+SUM(EO33/52)*100 -> 0 | FO33: =+SUM(EP33/56)*100 -> 0 | FP33: =+SUM(EQ33/20)*100 -> 0 | FR33: =+SUM(ES33/28)*100 -> 0 | FS33: =+SUM(ET33/12)*100 -> 0 | FT33: =+SUM(EU33/16)*100 -> 0 | FU33: =+SUM(EV33/16)*100 -> 0 | FV33: =+SUM(EW33/12)*100 -> 0 | FW33: =+SUM(EX33/48)*100 -> 0 | FY33: =+SUM(EZ33/24)*100 -> 0 | FZ33: =+SUM(FA33/16)*100 -> 0 | GA33: =+SUM(FB33/24)*100 -> 0 | GB33: =+SUM(FC33/20)*100 -> 0 | GC33: =+SUM(FD33/20)*100 -> 0 | GD33: =+SUM(FE33/12)*100 -> 0 | GE33: =+SUM(FF33/20)*100 -> 0 | GF33: =+SUM(FG33/24)*100 -> 0 | GH33: =+SUM(FI33/84)*100 -> 0 | GJ33: =+SUM(FK33/44)*100 -> 0
A34: 30 | EO34: =+SUM(CF34:CR34) -> 0 | EP34: =+SUM(CS34:DF34) -> 0 | EQ34: =+SUM(DG34:DK34) -> 0 | ES34: =+SUM(BV34:CB34) -> 0 | ET34: =+SUM(CC34:CE34) -> 0 | EU34: =+SUM(BQ34:BT34) -> 0 | EV34: =+SUM(BH34:BK34) -> 0 | EW34: =+SUM(BM34:BO34) -> 0 | EX34: =+SUM(V34:AG34) -> 0 | EZ34: =+SUM(AH34+AI34+AJ34+BA34+BL34+BP34) -> 0 | FA34: =SUM(BD34:BG34) -> 0 | FB34: =+SUM(AN34+AQ34+AR34+AS34+AT34+AU34) -> 0 | FC34: =+SUM(AK34+AL34+AM34+AO34+AP34) -> 0 | FD34: =+SUM(AV34+AW34+AX34+AY34+BU34) -> 0 | FE34: =+SUM(AZ34+BB34+BC34) -> 0 | FF34: =+SUM(DL34+DS34+DT34+DU34+DV34) -> 0 | FG34: =+SUM(DM34:DR34) -> 0 | FI34: =+SUM(ES34:EW34) -> 0 | FK34: =+SUM(FF34:FG34) -> 0 | FN34: =+SUM(EO34/52)*100 -> 0 | FO34: =+SUM(EP34/56)*100 -> 0 | FP34: =+SUM(EQ34/20)*100 -> 0 | FR34: =+SUM(ES34/28)*100 -> 0 | FS34: =+SUM(ET34/12)*100 -> 0 | FT34: =+SUM(EU34/16)*100 -> 0 | FU34: =+SUM(EV34/16)*100 -> 0 | FV34: =+SUM(EW34/12)*100 -> 0 | FW34: =+SUM(EX34/48)*100 -> 0 | FY34: =+SUM(EZ34/24)*100 -> 0 | FZ34: =+SUM(FA34/16)*100 -> 0 | GA34: =+SUM(FB34/24)*100 -> 0 | GB34: =+SUM(FC34/20)*100 -> 0 | GC34: =+SUM(FD34/20)*100 -> 0 | GD34: =+SUM(FE34/12)*100 -> 0 | GE34: =+SUM(FF34/20)*100 -> 0 | GF34: =+SUM(FG34/24)*100 -> 0 | GH34: =+SUM(FI34/84)*100 -> 0 | GJ34: =+SUM(FK34/44)*100 -> 0
A35: 31 | EO35: =+SUM(CF35:CR35) -> 0 | EP35: =+SUM(CS35:DF35) -> 0 | EQ35: =+SUM(DG35:DK35) -> 0 | ES35: =+SUM(BV35:CB35) -> 0 | ET35: =+SUM(CC35:CE35) -> 0 | EU35: =+SUM(BQ35:BT35) -> 0 | EV35: =+SUM(BH35:BK35) -> 0 | EW35: =+SUM(BM35:BO35) -> 0 | EX35: =+SUM(V35:AG35) -> 0 | FA35: =SUM(BD35:BG35) -> 0 | FB35: =+SUM(AN35+AQ35+AR35+AS35+AT35+AU35) -> 0 | FC35: =+SUM(AK35+AL35+AM35+AO35+AP35) -> 0 | FD35: =+SUM(AV35+AW35+AX35+AY35+BU35) -> 0 | FE35: =+SUM(AZ35+BB35+BC35) -> 0 | FF35: =+SUM(DL35+DS35+DT35+DU35+DV35) -> 0 | FG35: =+SUM(DM35:DR35) -> 0 | FI35: =+SUM(ES35:EW35) -> 0 | FK35: =+SUM(FF35:FG35) -> 0 | FN35: =+SUM(EO35/52)*100 -> 0 | FO35: =+SUM(EP35/56)*100 -> 0 | FP35: =+SUM(EQ35/20)*100 -> 0 | FR35: =+SUM(ES35/28)*100 -> 0 | FS35: =+SUM(ET35/12)*100 -> 0 | FT35: =+SUM(EU35/16)*100 -> 0 | FU35: =+SUM(EV35/16)*100 -> 0 | FV35: =+SUM(EW35/12)*100 -> 0 | FW35: =+SUM(EX35/48)*100 -> 0 | FZ35: =+SUM(FA35/16)*100 -> 0 | GA35: =+SUM(FB35/24)*100 -> 0 | GB35: =+SUM(FC35/20)*100 -> 0 | GC35: =+SUM(FD35/20)*100 -> 0 | GD35: =+SUM(FE35/12)*100 -> 0 | GE35: =+SUM(FF35/20)*100 -> 0 | GF35: =+SUM(FG35/24)*100 -> 0 | GH35: =+SUM(FI35/84)*100 -> 0 | GJ35: =+SUM(FK35/44)*100 -> 0
A36: 32 | EO36: =+SUM(CF36:CR36) -> 0 | EP36: =+SUM(CS36:DF36) -> 0 | EQ36: =+SUM(DG36:DK36) -> 0 | ES36: =+SUM(BV36:CB36) -> 0 | ET36: =+SUM(CC36:CE36) -> 0 | EU36: =+SUM(BQ36:BT36) -> 0 | EV36: =+SUM(BH36:BK36) -> 0 | EW36: =+SUM(BM36:BO36) -> 0 | EX36: =+SUM(V36:AG36) -> 0 | FA36: =SUM(BD36:BG36) -> 0 | FB36: =+SUM(AN36+AQ36+AR36+AS36+AT36+AU36) -> 0 | FC36: =+SUM(AK36+AL36+AM36+AO36+AP36) -> 0 | FD36: =+SUM(AV36+AW36+AX36+AY36+BU36) -> 0 | FE36: =+SUM(AZ36+BB36+BC36) -> 0 | FF36: =+SUM(DL36+DS36+DT36+DU36+DV36) -> 0 | FG36: =+SUM(DM36:DR36) -> 0 | FI36: =+SUM(ES36:EW36) -> 0 | FK36: =+SUM(FF36:FG36) -> 0 | FN36: =+SUM(EO36/52)*100 -> 0 | FO36: =+SUM(EP36/56)*100 -> 0 | FP36: =+SUM(EQ36/20)*100 -> 0 | FR36: =+SUM(ES36/28)*100 -> 0 | FS36: =+SUM(ET36/12)*100 -> 0 | FT36: =+SUM(EU36/16)*100 -> 0 | FU36: =+SUM(EV36/16)*100 -> 0 | FV36: =+SUM(EW36/12)*100 -> 0 | FW36: =+SUM(EX36/48)*100 -> 0 | FZ36: =+SUM(FA36/16)*100 -> 0 | GA36: =+SUM(FB36/24)*100 -> 0 | GB36: =+SUM(FC36/20)*100 -> 0 | GC36: =+SUM(FD36/20)*100 -> 0 | GD36: =+SUM(FE36/12)*100 -> 0 | GE36: =+SUM(FF36/20)*100 -> 0 | GF36: =+SUM(FG36/24)*100 -> 0 | GH36: =+SUM(FI36/84)*100 -> 0 | GJ36: =+SUM(FK36/44)*100 -> 0
A37: 33 | EO37: =+SUM(CF37:CR37) -> 0 | EP37: =+SUM(CS37:DF37) -> 0 | EQ37: =+SUM(DG37:DK37) -> 0 | ES37: =+SUM(BV37:CB37) -> 0 | ET37: =+SUM(CC37:CE37) -> 0 | EU37: =+SUM(BQ37:BT37) -> 0 | EV37: =+SUM(BH37:BK37) -> 0 | EW37: =+SUM(BM37:BO37) -> 0 | EX37: =+SUM(V37:AG37) -> 0 | FA37: =SUM(BD37:BG37) -> 0 | FB37: =+SUM(AN37+AQ37+AR37+AS37+AT37+AU37) -> 0 | FC37: =+SUM(AK37+AL37+AM37+AO37+AP37) -> 0 | FD37: =+SUM(AV37+AW37+AX37+AY37+BU37) -> 0 | FE37: =+SUM(AZ37+BB37+BC37) -> 0 | FF37: =+SUM(DL37+DS37+DT37+DU37+DV37) -> 0 | FG37: =+SUM(DM37:DR37) -> 0 | FI37: =+SUM(ES37:EW37) -> 0 | FK37: =+SUM(FF37:FG37) -> 0 | FN37: =+SUM(EO37/52)*100 -> 0 | FO37: =+SUM(EP37/56)*100 -> 0 | FP37: =+SUM(EQ37/20)*100 -> 0 | FR37: =+SUM(ES37/28)*100 -> 0 | FS37: =+SUM(ET37/12)*100 -> 0 | FT37: =+SUM(EU37/16)*100 -> 0 | FU37: =+SUM(EV37/16)*100 -> 0 | FV37: =+SUM(EW37/12)*100 -> 0 | FW37: =+SUM(EX37/48)*100 -> 0 | FZ37: =+SUM(FA37/16)*100 -> 0 | GA37: =+SUM(FB37/24)*100 -> 0 | GB37: =+SUM(FC37/20)*100 -> 0 | GC37: =+SUM(FD37/20)*100 -> 0 | GD37: =+SUM(FE37/12)*100 -> 0 | GE37: =+SUM(FF37/20)*100 -> 0 | GF37: =+SUM(FG37/24)*100 -> 0 | GH37: =+SUM(FI37/84)*100 -> 0 | GJ37: =+SUM(FK37/44)*100 -> 0
A38: 34 | EO38: =+SUM(CF38:CR38) -> 0 | EP38: =+SUM(CS38:DF38) -> 0 | EQ38: =+SUM(DG38:DK38) -> 0 | ES38: =+SUM(BV38:CB38) -> 0 | ET38: =+SUM(CC38:CE38) -> 0 | EU38: =+SUM(BQ38:BT38) -> 0 | EV38: =+SUM(BH38:BK38) -> 0 | EW38: =+SUM(BM38:BO38) -> 0 | EX38: =+SUM(V38:AG38) -> 0 | FA38: =SUM(BD38:BG38) -> 0 | FB38: =+SUM(AN38+AQ38+AR38+AS38+AT38+AU38) -> 0 | FC38: =+SUM(AK38+AL38+AM38+AO38+AP38) -> 0 | FD38: =+SUM(AV38+AW38+AX38+AY38+BU38) -> 0 | FE38: =+SUM(AZ38+BB38+BC38) -> 0 | FF38: =+SUM(DL38+DS38+DT38+DU38+DV38) -> 0 | FG38: =+SUM(DM38:DR38) -> 0 | FI38: =+SUM(ES38:EW38) -> 0 | FK38: =+SUM(FF38:FG38) -> 0 | FN38: =+SUM(EO38/52)*100 -> 0 | FO38: =+SUM(EP38/56)*100 -> 0 | FP38: =+SUM(EQ38/20)*100 -> 0 | FR38: =+SUM(ES38/28)*100 -> 0 | FS38: =+SUM(ET38/12)*100 -> 0 | FT38: =+SUM(EU38/16)*100 -> 0 | FU38: =+SUM(EV38/16)*100 -> 0 | FV38: =+SUM(EW38/12)*100 -> 0 | FW38: =+SUM(EX38/48)*100 -> 0 | FZ38: =+SUM(FA38/16)*100 -> 0 | GA38: =+SUM(FB38/24)*100 -> 0 | GB38: =+SUM(FC38/20)*100 -> 0 | GC38: =+SUM(FD38/20)*100 -> 0 | GD38: =+SUM(FE38/12)*100 -> 0 | GE38: =+SUM(FF38/20)*100 -> 0 | GF38: =+SUM(FG38/24)*100 -> 0 | GH38: =+SUM(FI38/84)*100 -> 0 | GJ38: =+SUM(FK38/44)*100 -> 0
A39: 35 | EO39: =+SUM(CF39:CR39) -> 0 | EP39: =+SUM(CS39:DF39) -> 0 | EQ39: =+SUM(DG39:DK39) -> 0 | ES39: =+SUM(BV39:CB39) -> 0 | ET39: =+SUM(CC39:CE39) -> 0 | EU39: =+SUM(BQ39:BT39) -> 0 | EV39: =+SUM(BH39:BK39) -> 0 | EW39: =+SUM(BM39:BO39) -> 0 | EX39: =+SUM(V39:AG39) -> 0 | FA39: =SUM(BD39:BG39) -> 0 | FB39: =+SUM(AN39+AQ39+AR39+AS39+AT39+AU39) -> 0 | FC39: =+SUM(AK39+AL39+AM39+AO39+AP39) -> 0 | FD39: =+SUM(AV39+AW39+AX39+AY39+BU39) -> 0 | FE39: =+SUM(AZ39+BB39+BC39) -> 0 | FF39: =+SUM(DL39+DS39+DT39+DU39+DV39) -> 0 | FG39: =+SUM(DM39:DR39) -> 0 | FI39: =+SUM(ES39:EW39) -> 0 | FK39: =+SUM(FF39:FG39) -> 0 | FN39: =+SUM(EO39/52)*100 -> 0 | FO39: =+SUM(EP39/56)*100 -> 0 | FP39: =+SUM(EQ39/20)*100 -> 0 | FR39: =+SUM(ES39/28)*100 -> 0 | FS39: =+SUM(ET39/12)*100 -> 0 | FT39: =+SUM(EU39/16)*100 -> 0 | FU39: =+SUM(EV39/16)*100 -> 0 | FV39: =+SUM(EW39/12)*100 -> 0 | FW39: =+SUM(EX39/48)*100 -> 0 | FZ39: =+SUM(FA39/16)*100 -> 0 | GA39: =+SUM(FB39/24)*100 -> 0 | GB39: =+SUM(FC39/20)*100 -> 0 | GC39: =+SUM(FD39/20)*100 -> 0 | GD39: =+SUM(FE39/12)*100 -> 0 | GE39: =+SUM(FF39/20)*100 -> 0 | GF39: =+SUM(FG39/24)*100 -> 0 | GH39: =+SUM(FI39/84)*100 -> 0 | GJ39: =+SUM(FK39/44)*100 -> 0
A40: 36 | EO40: =+SUM(CF40:CR40) -> 0 | EP40: =+SUM(CS40:DF40) -> 0 | EQ40: =+SUM(DG40:DK40) -> 0 | ES40: =+SUM(BV40:CB40) -> 0 | ET40: =+SUM(CC40:CE40) -> 0 | EU40: =+SUM(BQ40:BT40) -> 0 | EV40: =+SUM(BH40:BK40) -> 0 | EW40: =+SUM(BM40:BO40) -> 0 | FA40: =SUM(BD40:BG40) -> 0 | FB40: =+SUM(AN40+AQ40+AR40+AS40+AT40+AU40) -> 0 | FC40: =+SUM(AK40+AL40+AM40+AO40+AP40) -> 0 | FD40: =+SUM(AV40+AW40+AX40+AY40+BU40) -> 0 | FE40: =+SUM(AZ40+BB40+BC40) -> 0 | FF40: =+SUM(DL40+DS40+DT40+DU40+DV40) -> 0 | FG40: =+SUM(DM40:DR40) -> 0 | FI40: =+SUM(ES40:EW40) -> 0 | FK40: =+SUM(FF40:FG40) -> 0 | FN40: =+SUM(EO40/52)*100 -> 0 | FO40: =+SUM(EP40/56)*100 -> 0 | FP40: =+SUM(EQ40/20)*100 -> 0 | FR40: =+SUM(ES40/28)*100 -> 0 | FS40: =+SUM(ET40/12)*100 -> 0 | FT40: =+SUM(EU40/16)*100 -> 0 | FU40: =+SUM(EV40/16)*100 -> 0 | FV40: =+SUM(EW40/12)*100 -> 0 | FZ40: =+SUM(FA40/16)*100 -> 0 | GA40: =+SUM(FB40/24)*100 -> 0 | GB40: =+SUM(FC40/20)*100 -> 0 | GC40: =+SUM(FD40/20)*100 -> 0 | GD40: =+SUM(FE40/12)*100 -> 0 | GE40: =+SUM(FF40/20)*100 -> 0 | GF40: =+SUM(FG40/24)*100 -> 0 | GH40: =+SUM(FI40/84)*100 -> 0 | GJ40: =+SUM(FK40/44)*100 -> 0
A41: 37 | EO41: =+SUM(CF41:CR41) -> 0 | EP41: =+SUM(CS41:DF41) -> 0 | EQ41: =+SUM(DG41:DK41) -> 0 | ES41: =+SUM(BV41:CB41) -> 0 | FC41: =+SUM(AK41+AL41+AM41+AO41+AP41) -> 0 | FF41: =+SUM(DL41+DS41+DT41+DU41+DV41) -> 0 | FN41: =+SUM(EO41/52)*100 -> 0 | FO41: =+SUM(EP41/56)*100 -> 0 | FP41: =+SUM(EQ41/20)*100 -> 0 | FR41: =+SUM(ES41/28)*100 -> 0 | GB41: =+SUM(FC41/20)*100 -> 0 | GE41: =+SUM(FF41/20)*100 -> 0
A42: 38 | EO42: =+SUM(CF42:CR42) -> 0 | EP42: =+SUM(CS42:DF42) -> 0 | EQ42: =+SUM(DG42:DK42) -> 0 | ES42: =+SUM(BV42:CB42) -> 0 | FC42: =+SUM(AK42+AL42+AM42+AO42+AP42) -> 0 | FF42: =+SUM(DL42+DS42+DT42+DU42+DV42) -> 0 | FN42: =+SUM(EO42/52)*100 -> 0 | FO42: =+SUM(EP42/56)*100 -> 0 | FP42: =+SUM(EQ42/20)*100 -> 0 | FR42: =+SUM(ES42/28)*100 -> 0 | GB42: =+SUM(FC42/20)*100 -> 0 | GE42: =+SUM(FF42/20)*100 -> 0
A43: 39 | EO43: =+SUM(CF43:CR43) -> 0 | EP43: =+SUM(CS43:DF43) -> 0 | EQ43: =+SUM(DG43:DK43) -> 0 | ES43: =+SUM(BV43:CB43) -> 0 | FC43: =+SUM(AK43+AL43+AM43+AO43+AP43) -> 0 | FF43: =+SUM(DL43+DS43+DT43+DU43+DV43) -> 0 | FN43: =+SUM(EO43/52)*100 -> 0 | FO43: =+SUM(EP43/56)*100 -> 0 | FP43: =+SUM(EQ43/20)*100 -> 0 | FR43: =+SUM(ES43/28)*100 -> 0 | GB43: =+SUM(FC43/20)*100 -> 0 | GE43: =+SUM(FF43/20)*100 -> 0
A44: 40 | EO44: =+SUM(CF44:CR44) -> 0 | EP44: =+SUM(CS44:DF44) -> 0 | EQ44: =+SUM(DG44:DK44) -> 0 | ES44: =+SUM(BV44:CB44) -> 0 | FC44: =+SUM(AK44+AL44+AM44+AO44+AP44) -> 0 | FF44: =+SUM(DL44+DS44+DT44+DU44+DV44) -> 0 | FN44: =+SUM(EO44/52)*100 -> 0 | FO44: =+SUM(EP44/56)*100 -> 0 | FP44: =+SUM(EQ44/20)*100 -> 0 | FR44: =+SUM(ES44/28)*100 -> 0 | GB44: =+SUM(FC44/20)*100 -> 0 | GE44: =+SUM(FF44/20)*100 -> 0
A45: 41 | EO45: =+SUM(CF45:CR45) -> 0 | EP45: =+SUM(CS45:DF45) -> 0 | EQ45: =+SUM(DG45:DK45) -> 0 | ES45: =+SUM(BV45:CB45) -> 0 | FC45: =+SUM(AK45+AL45+AM45+AO45+AP45) -> 0 | FF45: =+SUM(DL45+DS45+DT45+DU45+DV45) -> 0 | FN45: =+SUM(EO45/52)*100 -> 0 | FO45: =+SUM(EP45/56)*100 -> 0 | FP45: =+SUM(EQ45/20)*100 -> 0 | FR45: =+SUM(ES45/28)*100 -> 0 | GB45: =+SUM(FC45/20)*100 -> 0 | GE45: =+SUM(FF45/20)*100 -> 0
A46: 42 | EO46: =+SUM(CF46:CR46) -> 0 | EP46: =+SUM(CS46:DF46) -> 0 | EQ46: =+SUM(DG46:DK46) -> 0 | ES46: =+SUM(BV46:CB46) -> 0 | FC46: =+SUM(AK46+AL46+AM46+AO46+AP46) -> 0 | FF46: =+SUM(DL46+DS46+DT46+DU46+DV46) -> 0 | FN46: =+SUM(EO46/52)*100 -> 0 | FO46: =+SUM(EP46/56)*100 -> 0 | FP46: =+SUM(EQ46/20)*100 -> 0 | FR46: =+SUM(ES46/28)*100 -> 0 | GB46: =+SUM(FC46/20)*100 -> 0 | GE46: =+SUM(FF46/20)*100 -> 0
A47: 43 | EO47: =+SUM(CF47:CR47) -> 0 | EP47: =+SUM(CS47:DF47) -> 0 | EQ47: =+SUM(DG47:DK47) -> 0 | ES47: =+SUM(BV47:CB47) -> 0 | FC47: =+SUM(AK47+AL47+AM47+AO47+AP47) -> 0 | FF47: =+SUM(DL47+DS47+DT47+DU47+DV47) -> 0 | FN47: =+SUM(EO47/52)*100 -> 0 | FO47: =+SUM(EP47/56)*100 -> 0 | FP47: =+SUM(EQ47/20)*100 -> 0 | FR47: =+SUM(ES47/28)*100 -> 0 | GB47: =+SUM(FC47/20)*100 -> 0 | GE47: =+SUM(FF47/20)*100 -> 0
A48: 44 | EO48: =+SUM(CF48:CR48) -> 0 | EP48: =+SUM(CS48:DF48) -> 0 | EQ48: =+SUM(DG48:DK48) -> 0 | ES48: =+SUM(BV48:CB48) -> 0 | FC48: =+SUM(AK48+AL48+AM48+AO48+AP48) -> 0 | FF48: =+SUM(DL48+DS48+DT48+DU48+DV48) -> 0 | FN48: =+SUM(EO48/52)*100 -> 0 | FO48: =+SUM(EP48/56)*100 -> 0 | FP48: =+SUM(EQ48/20)*100 -> 0 | FR48: =+SUM(ES48/28)*100 -> 0 | GB48: =+SUM(FC48/20)*100 -> 0 | GE48: =+SUM(FF48/20)*100 -> 0
A49: 45 | EO49: =+SUM(CF49:CR49) -> 0 | EQ49: =+SUM(DG49:DK49) -> 0 | ES49: =+SUM(BV49:CB49) -> 0 | FC49: =+SUM(AK49+AL49+AM49+AO49+AP49) -> 0 | FF49: =+SUM(DL49+DS49+DT49+DU49+DV49) -> 0 | FN49: =+SUM(EO49/52)*100 -> 0 | FP49: =+SUM(EQ49/20)*100 -> 0 | FR49: =+SUM(ES49/28)*100 -> 0 | GB49: =+SUM(FC49/20)*100 -> 0 | GE49: =+SUM(FF49/20)*100 -> 0
A50: 46 | EO50: =+SUM(CF50:CR50) -> 0 | EQ50: =+SUM(DG50:DK50) -> 0 | ES50: =+SUM(BV50:CB50) -> 0 | FC50: =+SUM(AK50+AL50+AM50+AO50+AP50) -> 0 | FF50: =+SUM(DL50+DS50+DT50+DU50+DV50) -> 0 | FN50: =+SUM(EO50/52)*100 -> 0 | FP50: =+SUM(EQ50/20)*100 -> 0 | FR50: =+SUM(ES50/28)*100 -> 0 | GB50: =+SUM(FC50/20)*100 -> 0 | GE50: =+SUM(FF50/20)*100 -> 0
A51: 47 | EO51: =+SUM(CF51:CR51) -> 0 | EQ51: =+SUM(DG51:DK51) -> 0 | ES51: =+SUM(BV51:CB51) -> 0 | FC51: =+SUM(AK51+AL51+AM51+AO51+AP51) -> 0 | FF51: =+SUM(DL51+DS51+DT51+DU51+DV51) -> 0 | FN51: =+SUM(EO51/52)*100 -> 0 | FP51: =+SUM(EQ51/20)*100 -> 0 | FR51: =+SUM(ES51/28)*100 -> 0 | GB51: =+SUM(FC51/20)*100 -> 0 | GE51: =+SUM(FF51/20)*100 -> 0
A52: 48 | EO52: =+SUM(CF52:CR52) -> 0 | EQ52: =+SUM(DG52:DK52) -> 0 | ES52: =+SUM(BV52:CB52) -> 0 | FC52: =+SUM(AK52+AL52+AM52+AO52+AP52) -> 0 | FF52: =+SUM(DL52+DS52+DT52+DU52+DV52) -> 0 | FN52: =+SUM(EO52/52)*100 -> 0 | FP52: =+SUM(EQ52/20)*100 -> 0 | FR52: =+SUM(ES52/28)*100 -> 0 | GB52: =+SUM(FC52/20)*100 -> 0 | GE52: =+SUM(FF52/20)*100 -> 0
A53: 49 | EO53: =+SUM(CF53:CR53) -> 0 | EQ53: =+SUM(DG53:DK53) -> 0 | ES53: =+SUM(BV53:CB53) -> 0 | FC53: =+SUM(AK53+AL53+AM53+AO53+AP53) -> 0 | FF53: =+SUM(DL53+DS53+DT53+DU53+DV53) -> 0 | FN53: =+SUM(EO53/52)*100 -> 0 | FP53: =+SUM(EQ53/20)*100 -> 0 | FR53: =+SUM(ES53/28)*100 -> 0 | GB53: =+SUM(FC53/20)*100 -> 0 | GE53: =+SUM(FF53/20)*100 -> 0
A54: 50 | EO54: =+SUM(CF54:CR54) -> 0 | EQ54: =+SUM(DG54:DK54) -> 0 | ES54: =+SUM(BV54:CB54) -> 0 | FC54: =+SUM(AK54+AL54+AM54+AO54+AP54) -> 0 | FF54: =+SUM(DL54+DS54+DT54+DU54+DV54) -> 0 | FN54: =+SUM(EO54/52)*100 -> 0 | FP54: =+SUM(EQ54/20)*100 -> 0 | FR54: =+SUM(ES54/28)*100 -> 0 | GB54: =+SUM(FC54/20)*100 -> 0 | GE54: =+SUM(FF54/20)*100 -> 0
A55: 51 | EO55: =+SUM(CF55:CR55) -> 0 | EQ55: =+SUM(DG55:DK55) -> 0 | ES55: =+SUM(BV55:CB55) -> 0 | FC55: =+SUM(AK55+AL55+AM55+AO55+AP55) -> 0 | FF55: =+SUM(DL55+DS55+DT55+DU55+DV55) -> 0 | FN55: =+SUM(EO55/52)*100 -> 0 | FP55: =+SUM(EQ55/20)*100 -> 0 | FR55: =+SUM(ES55/28)*100 -> 0 | GB55: =+SUM(FC55/20)*100 -> 0 | GE55: =+SUM(FF55/20)*100 -> 0
A56: 52 | EO56: =+SUM(CF56:CR56) -> 0 | EQ56: =+SUM(DG56:DK56) -> 0 | ES56: =+SUM(BV56:CB56) -> 0 | FC56: =+SUM(AK56+AL56+AM56+AO56+AP56) -> 0 | FF56: =+SUM(DL56+DS56+DT56+DU56+DV56) -> 0 | FN56: =+SUM(EO56/52)*100 -> 0 | FP56: =+SUM(EQ56/20)*100 -> 0 | FR56: =+SUM(ES56/28)*100 -> 0 | GB56: =+SUM(FC56/20)*100 -> 0 | GE56: =+SUM(FF56/20)*100 -> 0
A57: 53 | EO57: =+SUM(CF57:CR57) -> 0 | EQ57: =+SUM(DG57:DK57) -> 0 | ES57: =+SUM(BV57:CB57) -> 0 | FC57: =+SUM(AK57+AL57+AM57+AO57+AP57) -> 0 | FF57: =+SUM(DL57+DS57+DT57+DU57+DV57) -> 0 | FN57: =+SUM(EO57/52)*100 -> 0 | FP57: =+SUM(EQ57/20)*100 -> 0 | FR57: =+SUM(ES57/28)*100 -> 0 | GB57: =+SUM(FC57/20)*100 -> 0 | GE57: =+SUM(FF57/20)*100 -> 0
A58: 54 | EO58: =+SUM(CF58:CR58) -> 0 | EQ58: =+SUM(DG58:DK58) -> 0 | ES58: =+SUM(BV58:CB58) -> 0 | FC58: =+SUM(AK58+AL58+AM58+AO58+AP58) -> 0 | FF58: =+SUM(DL58+DS58+DT58+DU58+DV58) -> 0 | FN58: =+SUM(EO58/52)*100 -> 0 | FP58: =+SUM(EQ58/20)*100 -> 0 | FR58: =+SUM(ES58/28)*100 -> 0 | GB58: =+SUM(FC58/20)*100 -> 0 | GE58: =+SUM(FF58/20)*100 -> 0
A59: 55
A60: 56
A61: 57
A62: 58
A63: 59
A64: 60
A65: 61
A66: 62
A67: 63
A68: 64
A69: 65
A70: 66
... A84: 80
FN85: =AVERAGE(FN5:FN32) -> 0.68681319 | FO85: =AVERAGE(FO5:FO32) -> 0.19132653 | FP85: =AVERAGE(FP5:FP32) -> 1.0714286 | FQ85: =AVERAGE(FQ5:FQ31) -> 0.92592593 | FR85: =AVERAGE(FR5:FR32) -> 0.38265306 | FS85: =AVERAGE(FS5:FS32) -> 0.29761905 | FT85: =AVERAGE(FT5:FT32) -> 0.89285714 | FU85: =AVERAGE(FU5:FU32) -> 0.22321429 | FV85: =AVERAGE(FV5:FV32) -> 2.3809524 | FW85: =AVERAGE(FW5:FW32) -> 0.44642857 | FX85: =AVERAGE(FX5:FX32) -> 0.69444444 | FY85: =AVERAGE(FY5:FY32) -> 1.6369048 | ... GF85: =AVERAGE(GF5:GF32) -> 0 | GG85: =AVERAGE(GG5:GG31) -> 0.63233966 | GH85: =AVERAGE(GH5:GH32) -> 0.72278912 | GI85: =AVERAGE(GI5:GI32) -> 1.8392857 | GJ85: =AVERAGE(GJ5:GJ32) -> 0 | GK85: =AVERAGE(GK5:GK31) -> 1.1141223 | GM85: =FL85+'EXTRALABORAL A '!BH84 -> 0 | GN85: =AVERAGE(GN5:GN31) -> 1.2145262

Sheet EXTRALABORAL A 
A1: DATOS GENERALES | V1: PREGUNTAS | BA1: TOTAL DIMENSIONES | BH1: TOTAL | BJ1: TOTAL DIMENSIONES | BQ1: PUNTAJE TOTAL DEL CUESTIONARIO FRPE
A3: ITEM | B3: Nombre | C3: Identificacion | D3: Sexo | E3: Año Nacimiento | F3: Estado Civil | G3: Ultimo nivel de estudio | H3: Ocupacion/Profesion | I3: Lugar de Residencia | J3: Estrato | K3: Tipo de Vivienda | L3: Numero de personas a cargo | M3: Lugar donde trabaja actualmente | N3: Tiempo de trabajo en la empresa | O3: Cargo actual | P3: Selecciones el tipo de cargo | Q3: Hace cuantos años que desempeña el cargo u oficio en la empresa | R3: Nombre del area o seccion de la empresa en el que trabaja | S3: Tipo de contrato | T3: Horas diarias de trabajo al dia | U3: Tipo de salario que recibe | V3: 1 | W3: 2 | X3: 3 | Y3: 4 | Z3: 5 | AA3: 6 | AB3: 7 | AC3: 8 | AD3: 9 | AE3: 10 | AF3: 11 | AG3: 12 | AH3: 13 | AI3: 14 | AJ3: 15 | AK3: 16 | AL3: 17 | AM3: 18 | AN3: 19 | AO3: 20 | AP3: 21 | AQ3: 22 | AR3: 23 | AS3: 24 | AT3: 25 | AU3: 26 | AV3: 27 | AW3: 28 | AX3: 29 | AY3: 30 | AZ3: 31 | BA3: Tiempo Fuera del Trabajo | BB3: Relaciones Familiares | BC3: Comunicación y relaciones interpersonales | BD3: Situacion Economica del Grupo Familiar | BE3: Caracteristicas de la Vivienda y de su entorno | BF3: Influencia del entorno extralaboral sobre el trabajo | BG3: Desplazamiento vivienda - Trabajo - Vivienda | BJ3: Tiempo Fuera del Trabajo | BK3: Relaciones Familiares | BL3: Comunicación y relaciones interpersonales | BM3: Situacion Economica del Grupo Familiar | BN3: Caracteristicas de la Vivienda y de su entorno | BO3: Influencia del Entorno extralaboral sobre el trabajo | BP3: Desplazamiento vivienda - Trabajo - Vivienda
A4: 1 | B4: ='INTRA LABORAL A'!B5 -> Adriana Katheribe Farfan | C4: ='INTRA LABORAL A'!C5 -> 1075274331 | D4: ='INTRA LABORAL A'!D5 -> f | E4: ='INTRA LABORAL A'!E5 -> 1993 | F4: ='INTRA LABORAL A'!F5 -> Casado | G4: ='INTRA LABORAL A'!G5 -> Post-grado incompleto | H4: ='INTRA LABORAL A'!H5 -> Ingeniero industrial | I4: ='INTRA LABORAL A'!I5 -> Neiva | ... U4: ='INTRA LABORAL A'!U5 -> Fijo | V4: 1 | W4: 0 | X4: 3 | Y4: 1 | Z4: 1 | AA4: 1 | AB4: 1 | AC4: 2 | AD4: 1 | AE4: 1 | AF4: 0 | AG4: 0 | AH4: 0 | AI4: 2 | AJ4: 2 | AK4: 2 | AL4: 2 | AM4: 0 | AN4: 0 | AO4: 0 | AP4: 0 | AQ4: 0 | AR4: 0 | AS4: 1 | AT4: 0 | AU4: 2 | AV4: 0 | AW4: 1 | AX4: 0 | AY4: 2 | AZ4: 1 | BA4: =SUM(AI4:AL4) -> 8 | BB4: =SUM(AQ4+AT4+AV4) -> 0 | BC4: =SUM(AM4+AN4+AO4+AP4+AR4) -> 0 | BD4: =SUM(AX4+AY4+AZ4) -> 3 | BE4: =SUM(Z4:AH4) -> 7 | BF4: =SUM(AS4+AU4+AW4) -> 4 | BG4: =SUM(V4:Y4) -> 5 | BH4: =SUM(BA4:BG4) -> 27 | BJ4: =SUM(BA4/16)*100 -> 50 | BK4: =SUM(BB4/12)*100 -> 0 | BL4: =SUM(BC4/20)*100 -> 0 | BM4: =SUM(BD4/12)*100 -> 25 | BN4: =SUM(BE4/36)*100 -> 19.444444 | BO4: =SUM(BF4/12)*100 -> 33.333333 | BP4: =SUM(BG4/16)*100 -> 31.25 | BQ4: =SUM(BH4/124)*100 -> 21.774194
A5: 2 | B5: ='INTRA LABORAL A'!B6 -> Ever Adames Ramón | C5: ='INTRA LABORAL A'!C6 -> 7696889 | D5: ='INTRA LABORAL A'!D6 -> m | E5: ='INTRA LABORAL A'!E6 -> 1974 | F5: ='INTRA LABORAL A'!F6 -> Soltero (a) | G5: ='INTRA LABORAL A'!G6 -> Post-grado completo | H5: ='INTRA LABORAL A'!H6 -> Ingeniero | I5: ='INTRA LABORAL A'!I6 -> Neiva | ... U5: ='INTRA LABORAL A'!U6 -> Una Parte fija y otra variable | V5: 2 | W5: 1 | X5: 1 | Y5: 1 | Z5: 1 | AA5: 1 | AB5: 2 | AC5: 3 | AD5: 3 | AE5: 0 | AF5: 0 | AG5: 0 | AH5: 0 | AI5: 1 | AJ5: 1 | AK5: 1 | AL5: 0 | AM5: 0 | AN5: 0 | AO5: 0 | AP5: 0 | AQ5: 0 | AR5: 0 | AS5: 1 | AT5: 0 | AU5: 0 | AV5: 0 | AW5: 1 | AX5: 3 | AY5: 2 | AZ5: 2 | BA5: =SUM(AI5:AL5) -> 3 | BB5: =SUM(AQ5+AT5+AV5) -> 0 | BC5: =SUM(AM5+AN5+AO5+AP5+AR5) -> 0 | BD5: =SUM(AX5+AY5+AZ5) -> 7 | BE5: =SUM(Z5:AH5) -> 10 | BF5: =SUM(AS5+AU5+AW5) -> 2 | BG5: =SUM(V5:Y5) -> 5 | BH5: =SUM(BA5:BG5) -> 27 | BJ5: =SUM(BA5/16)*100 -> 18.75 | BK5: =SUM(BB5/12)*100 -> 0 | BL5: =SUM(BC5/20)*100 -> 0 | BM5: =SUM(BD5/12)*100 -> 58.333333 | BN5: =SUM(BE5/36)*100 -> 27.777778 | BO5: =SUM(BF5/12)*100 -> 16.666667 | BP5: =SUM(BG5/16)*100 -> 31.25 | BQ5: =SUM(BH5/124)*100 -> 21.774194
A6: 3 | BA6: =SUM(AI6:AL6) -> 0 | BB6: =SUM(AQ6+AT6+AV6) -> 0 | BC6: =SUM(AM6+AN6+AO6+AP6+AR6) -> 0 | BD6: =SUM(AX6+AY6+AZ6) -> 0 | BE6: =SUM(Z6:AH6) -> 0 | BF6: =SUM(AS6+AU6+AW6) -> 0 | BG6: =SUM(V6:Y6) -> 0 | BH6: =SUM(BA6:BG6) -> 0 | BJ6: =SUM(BA6/16)*100 -> 0 | BK6: =SUM(BB6/12)*100 -> 0 | BL6: =SUM(BC6/20)*100 -> 0 | BM6: =SUM(BD6/12)*100 -> 0 | BN6: =SUM(BE6/36)*100 -> 0 | BO6: =SUM(BF6/12)*100 -> 0 | BP6: =SUM(BG6/16)*100 -> 0 | BQ6: =SUM(BH6/124)*100 -> 0
A7: 4 | BA7: =SUM(AI7:AL7) -> 0 | BB7: =SUM(AQ7+AT7+AV7) -> 0 | BC7: =SUM(AM7+AN7+AO7+AP7+AR7) -> 0 | BD7: =SUM(AX7+AY7+AZ7) -> 0 | BE7: =SUM(Z7:AH7) -> 0 | BF7: =SUM(AS7+AU7+AW7) -> 0 | BG7: =SUM(V7:Y7) -> 0 | BH7: =SUM(BA7:BG7) -> 0 | BJ7: =SUM(BA7/16)*100 -> 0 | BK7: =SUM(BB7/12)*100 -> 0 | BL7: =SUM(BC7/20)*100 -> 0 | BM7: =SUM(BD7/12)*100 -> 0 | BN7: =SUM(BE7/36)*100 -> 0 | BO7: =SUM(BF7/12)*100 -> 0 | BP7: =SUM(BG7/16)*100 -> 0 | BQ7: =SUM(BH7/124)*100 -> 0
A8: 5 | BA8: =SUM(AI8:AL8) -> 0 | BB8: =SUM(AQ8+AT8+AV8) -> 0 | BC8: =SUM(AM8+AN8+AO8+AP8+AR8) -> 0 | BD8: =SUM(AX8+AY8+AZ8) -> 0 | BE8: =SUM(Z8:AH8) -> 0 | BF8: =SUM(AS8+AU8+AW8) -> 0 | BG8: =SUM(V8:Y8) -> 0 | BH8: =SUM(BA8:BG8) -> 0 | BJ8: =SUM(BA8/16)*100 -> 0 | BK8: =SUM(BB8/12)*100 -> 0 | BL8: =SUM(BC8/20)*100 -> 0 | BM8: =SUM(BD8/12)*100 -> 0 | BN8: =SUM(BE8/36)*100 -> 0 | BO8: =SUM(BF8/12)*100 -> 0 | BP8: =SUM(BG8/16)*100 -> 0 | BQ8: =SUM(BH8/124)*100 -> 0
A9: 6 | BA9: =SUM(AI9:AL9) -> 0 | BB9: =SUM(AQ9+AT9+AV9) -> 0 | BC9: =SUM(AM9+AN9+AO9+AP9+AR9) -> 0 | BD9: =SUM(AX9+AY9+AZ9) -> 0 | BE9: =SUM(Z9:AH9) -> 0 | BF9: =SUM(AS9+AU9+AW9) -> 0 | BG9: =SUM(V9:Y9) -> 0 | BH9: =SUM(BA9:BG9) -> 0 | BJ9: =SUM(BA9/16)*100 -> 0 | BK9: =SUM(BB9/12)*100 -> 0 | BL9: =SUM(BC9/20)*100 -> 0 | BM9: =SUM(BD9/12)*100 -> 0 | BN9: =SUM(BE9/36)*100 -> 0 | BO9: =SUM(BF9/12)*100 -> 0 | BP9: =SUM(BG9/16)*100 -> 0 | BQ9: =SUM(BH9/124)*100 -> 0
A10: 7 | BA10: =SUM(AI10:AL10) -> 0 | BB10: =SUM(AQ10+AT10+AV10) -> 0 | BC10: =SUM(AM10+AN10+AO10+AP10+AR10) -> 0 | BD10: =SUM(AX10+AY10+AZ10) -> 0 | BE10: =SUM(Z10:AH10) -> 0 | BF10: =SUM(AS10+AU10+AW10) -> 0 | BG10: =SUM(V10:Y10) -> 0 | BH10: =SUM(BA10:BG10) -> 0 | BJ10: =SUM(BA10/16)*100 -> 0 | BK10: =SUM(BB10/12)*100 -> 0 | BL10: =SUM(BC10/20)*100 -> 0 | BM10: =SUM(BD10/12)*100 -> 0 | BN10: =SUM(BE10/36)*100 -> 0 | BO10: =SUM(BF10/12)*100 -> 0 | BP10: =SUM(BG10/16)*100 -> 0 | BQ10: =SUM(BH10/124)*100 -> 0
A11: 8 | BA11: =SUM(AI11:AL11) -> 0 | BB11: =SUM(AQ11+AT11+AV11) -> 0 | BC11: =SUM(AM11+AN11+AO11+AP11+AR11) -> 0 | BD11: =SUM(AX11+AY11+AZ11) -> 0 | BE11: =SUM(Z11:AH11) -> 0 | BF11: =SUM(AS11+AU11+AW11) -> 0 | BG11: =SUM(V11:Y11) -> 0 | BH11: =SUM(BA11:BG11) -> 0 | BJ11: =SUM(BA11/16)*100 -> 0 | BK11: =SUM(BB11/12)*100 -> 0 | BL11: =SUM(BC11/20)*100 -> 0 | BM11: =SUM(BD11/12)*100 -> 0 | BN11: =SUM(BE11/36)*100 -> 0 | BO11: =SUM(BF11/12)*100 -> 0 | BP11: =SUM(BG11/16)*100 -> 0 | BQ11: =SUM(BH11/124)*100 -> 0
A12: 9 | BA12: =SUM(AI12:AL12) -> 0 | BB12: =SUM(AQ12+AT12+AV12) -> 0 | BC12: =SUM(AM12+AN12+AO12+AP12+AR12) -> 0 | BD12: =SUM(AX12+AY12+AZ12) -> 0 | BE12: =SUM(Z12:AH12) -> 0 | BF12: =SUM(AS12+AU12+AW12) -> 0 | BG12: =SUM(V12:Y12) -> 0 | BH12: =SUM(BA12:BG12) -> 0 | BJ12: =SUM(BA12/16)*100 -> 0 | BK12: =SUM(BB12/12)*100 -> 0 | BL12: =SUM(BC12/20)*100 -> 0 | BM12: =SUM(BD12/12)*100 -> 0 | BN12: =SUM(BE12/36)*100 -> 0 | BO12: =SUM(BF12/12)*100 -> 0 | BP12: =SUM(BG12/16)*100 -> 0 | BQ12: =SUM(BH12/124)*100 -> 0
A13: 10 | BA13: =SUM(AI13:AL13) -> 0 | BB13: =SUM(AQ13+AT13+AV13) -> 0 | BC13: =SUM(AM13+AN13+AO13+AP13+AR13) -> 0 | BD13: =SUM(AX13+AY13+AZ13) -> 0 | BE13: =SUM(Z13:AH13) -> 0 | BF13: =SUM(AS13+AU13+AW13) -> 0 | BG13: =SUM(V13:Y13) -> 0 | BH13: =SUM(BA13:BG13) -> 0 | BJ13: =SUM(BA13/16)*100 -> 0 | BK13: =SUM(BB13/12)*100 -> 0 | BL13: =SUM(BC13/20)*100 -> 0 | BM13: =SUM(BD13/12)*100 -> 0 | BN13: =SUM(BE13/36)*100 -> 0 | BO13: =SUM(BF13/12)*100 -> 0 | BP13: =SUM(BG13/16)*100 -> 0 | BQ13: =SUM(BH13/124)*100 -> 0
A14: 11 | BA14: =SUM(AI14:AL14) -> 0 | BB14: =SUM(AQ14+AT14+AV14) -> 0 | BC14: =SUM(AM14+AN14+AO14+AP14+AR14) -> 0 | BD14: =SUM(AX14+AY14+AZ14) -> 0 | BE14: =SUM(Z14:AH14) -> 0 | BF14: =SUM(AS14+AU14+AW14) -> 0 | BG14: =SUM(V14:Y14) -> 0 | BH14: =SUM(BA14:BG14) -> 0 | BJ14: =SUM(BA14/16)*100 -> 0 | BK14: =SUM(BB14/12)*100 -> 0 | BL14: =SUM(BC14/20)*100 -> 0 | BM14: =SUM(BD14/12)*100 -> 0 | BN14: =SUM(BE14/36)*100 -> 0 | BO14: =SUM(BF14/12)*100 -> 0 | BP14: =SUM(BG14/16)*100 -> 0 | BQ14: =SUM(BH14/124)*100 -> 0
A15: 12 | BA15: =SUM(AI15:AL15) -> 0 | BB15: =SUM(AQ15+AT15+AV15) -> 0 | BC15: =SUM(AM15+AN15+AO15+AP15+AR15) -> 0 | BD15: =SUM(AX15+AY15+AZ15) -> 0 | BE15: =SUM(Z15:AH15) -> 0 | BF15: =SUM(AS15+AU15+AW15) -> 0 | BG15: =SUM(V15:Y15) -> 0 | BH15: =SUM(BA15:BG15) -> 0 | BJ15: =SUM(BA15/16)*100 -> 0 | BK15: =SUM(BB15/12)*100 -> 0 | BL15: =SUM(BC15/20)*100 -> 0 | BM15: =SUM(BD15/12)*100 -> 0 | BN15: =SUM(BE15/36)*100 -> 0 | BO15: =SUM(BF15/12)*100 -> 0 | BP15: =SUM(BG15/16)*100 -> 0 | BQ15: =SUM(BH15/124)*100 -> 0
A16: 13 | BA16: =SUM(AI16:AL16) -> 0 | BB16: =SUM(AQ16+AT16+AV16) -> 0 | BC16: =SUM(AM16+AN16+AO16+AP16+AR16) -> 0 | BD16: =SUM(AX16+AY16+AZ16) -> 0 | BE16: =SUM(Z16:AH16) -> 0 | BF16: =SUM(AS16+AU16+AW16) -> 0 | BG16: =SUM(V16:Y16) -> 0 | BH16: =SUM(BA16:BG16) -> 0 | BJ16: =SUM(BA16/16)*100 -> 0 | BK16: =SUM(BB16/12)*100 -> 0 | BL16: =SUM(BC16/20)*100 -> 0 | BM16: =SUM(BD16/12)*100 -> 0 | BN16: =SUM(BE16/36)*100 -> 0 | BO16: =SUM(BF16/12)*100 -> 0 | BP16: =SUM(BG16/16)*100 -> 0 | BQ16: =SUM(BH16/124)*100 -> 0
A17: 14 | BA17: =SUM(AI17:AL17) -> 0 | BB17: =SUM(AQ17+AT17+AV17) -> 0 | BC17: =SUM(AM17+AN17+AO17+AP17+AR17) -> 0 | BD17: =SUM(AX17+AY17+AZ17) -> 0 | BE17: =SUM(Z17:AH17) -> 0 | BF17: =SUM(AS17+AU17+AW17) -> 0 | BG17: =SUM(V17:Y17) -> 0 | BH17: =SUM(BA17:BG17) -> 0 | BJ17: =SUM(BA17/16)*100 -> 0 | BK17: =SUM(BB17/12)*100 -> 0 | BL17: =SUM(BC17/20)*100 -> 0 | BM17: =SUM(BD17/12)*100 -> 0 | BN17: =SUM(BE17/36)*100 -> 0 | BO17: =SUM(BF17/12)*100 -> 0 | BP17: =SUM(BG17/16)*100 -> 0 | BQ17: =SUM(BH17/124)*100 -> 0
... A57: 54 | BA57: =SUM(AI57:AL57) -> 0 | BB57: =SUM(AQ57+AT57+AV57) -> 0 | BC57: =SUM(AM57+AN57+AO57+AP57+AR57) -> 0 | BD57: =SUM(AX57+AY57+AZ57) -> 0 | BE57: =SUM(Z57:AH57) -> 0 | BF57: =SUM(AS57+AU57+AW57) -> 0 | BG57: =SUM(V57:Y57) -> 0 | BH57: =SUM(BA57:BG57) -> 0 | BJ57: =SUM(BA57/16)*100 -> 0 | BK57: =SUM(BB57/12)*100 -> 0 | BL57: =SUM(BC57/20)*100 -> 0 | BM57: =SUM(BD57/12)*100 -> 0 | BN57: =SUM(BE57/36)*100 -> 0 | BO57: =SUM(BF57/12)*100 -> 0 | BP57: =SUM(BG57/16)*100 -> 0 | BQ57: =SUM(BH57/124)*100 -> 0
A58: 55
A59: 56
A60: 57
A61: 58
A62: 59
A63: 60
A64: 61
A65: 62
A66: 63
A67: 64
A68: 65
A69: 66
... A83: 80
BJ84: =AVERAGE(BJ4:BJ31) -> 2.4553571 | BK84: =AVERAGE(BK4:BK31) -> 0 | BL84: =AVERAGE(BL4:BL31) -> 0 | BM84: =AVERAGE(BM4:BM31) -> 2.9761905 | BN84: =AVERAGE(BN4:BN31) -> 1.6865079 | BO84: =AVERAGE(BO4:BO31) -> 1.7857143 | BP84: =AVERAGE(BP4:BP31) -> 2.2321429 | BQ84: =AVERAGE(BQ4:BQ31) -> 1.5552995

Sheet ESTRES JEFES Y PROF
A1: DATOS GENERALES | V1: PREGUNTAS | BA1: CATEGORIAS | BE1: TOTALES
A2: Item | B2: ='INTRA LABORAL A'!B4 -> Nombre | C2: ='INTRA LABORAL A'!C4 -> Identificacion | D2: ='INTRA LABORAL A'!D4 -> Sexo | E2: ='INTRA LABORAL A'!E4 -> Año Nacimiento | F2: ='INTRA LABORAL A'!F4 -> Estado Civil | G2: ='INTRA LABORAL A'!G4 -> Ultimo nivel de estudio | H2: ='INTRA LABORAL A'!H4 -> Ocupacion/Profesion | I2: ='INTRA LABORAL A'!I4 -> Lugar de Residencia | ... U2: ='INTRA LABORAL A'!U4 -> Tipo de salario que recibe | V2: 1 | W2: 2 | X2: 3 | Y2: 4 | Z2: 5 | AA2: 6 | AB2: 7 | AC2: 8 | AD2: 9 | AE2: 10 | AF2: 11 | AG2: 12 | AH2: 13 | AI2: 14 | AJ2: 15 | AK2: 16 | AL2: 17 | AM2: 18 | AN2: 19 | AO2: 20 | AP2: 21 | AQ2: 22 | AR2: 23 | AS2: 24 | AT2: 25 | AU2: 26 | AV2: 27 | AW2: 28 | AX2: 29 | AY2: 30 | AZ2: 31 | BA2: Sintomas Fisiologicos | BB2: Sintomas de Comportamiento Social | BC2: Sintomas Intelectuales y Laborales | BD2: Sintomas Psicoemocionales | BE2: TOTAL | BF2: T. TRANSFORMACIONAL
A3: 1 | B3: ='INTRA LABORAL A'!B5 -> Adriana Katheribe Farfan | C3: ='INTRA LABORAL A'!C5 -> 1075274331 | D3: ='INTRA LABORAL A'!D5 -> f | E3: ='INTRA LABORAL A'!E5 -> 1993 | F3: ='INTRA LABORAL A'!F5 -> Casado | G3: ='INTRA LABORAL A'!G5 -> Post-grado incompleto | H3: ='INTRA LABORAL A'!H5 -> Ingeniero industrial | I3: ='INTRA LABORAL A'!I5 -> Neiva | ... U3: ='INTRA LABORAL A'!U5 -> Fijo | V3: 6 | W3: 3 | X3: 0 | Y3: 2 | Z3: 2 | AA3: 0 | AB3: 0 | AC3: 0 | AD3: 0 | AE3: 0 | AF3: 0 | AG3: 0 | AH3: 3 | AI3: 0 | AJ3: 0 | AK3: 0 | AL3: 2 | AM3: 0 | AN3: 0 | AO3: 0 | AP3: 0 | AQ3: 0 | AR3: 3 | AS3: 0 | AT3: 2 | AU3: 0 | AV3: 0 | AW3: 2 | AX3: 0 | AY3: 0 | AZ3: 1 | BA3: =AVERAGE(V3:AC3)*4 -> 6.5 | BB3: =AVERAGE(AD3:AG3)*3 -> 0 | BC3: =AVERAGE(AH3:AQ3)*2 -> 1 | BD3: =AVERAGE(AR3:AZ3)*1 -> 0.88888889 | BE3: =SUM(BA3:BD3) -> 8.3888889 | BF3: =(BE3/61.16)*100 -> 13.7163
A4: 2 | B4: ='INTRA LABORAL A'!B6 -> Ever Adames Ramón | C4: ='INTRA LABORAL A'!C6 -> 7696889 | D4: ='INTRA LABORAL A'!D6 -> m | E4: ='INTRA LABORAL A'!E6 -> 1974 | F4: ='INTRA LABORAL A'!F6 -> Soltero (a) | G4: ='INTRA LABORAL A'!G6 -> Post-grado completo | H4: ='INTRA LABORAL A'!H6 -> Ingeniero | I4: ='INTRA LABORAL A'!I6 -> Neiva | ... U4: ='INTRA LABORAL A'!U6 -> Una Parte fija y otra variable | V4: 0 | W4: 0 | X4: 0 | Y4: 2 | Z4: 0 | AA4: 0 | AB4: 1 | AC4: 0 | AD4: 0 | AE4: 0 | AF4: 0 | AG4: 0 | AH4: 0 | AI4: 0 | AJ4: 0 | AK4: 0 | AL4: 0 | AM4: 0 | AN4: 0 | AO4: 0 | AP4: 0 | AQ4: 0 | AR4: 0 | AS4: 0 | AT4: 0 | AU4: 0 | AV4: 0 | AW4: 2 | AX4: 0 | AY4: 0 | AZ4: 0 | BA4: =AVERAGE(V4:AC4)*4 -> 1.5 | BB4: =AVERAGE(AD4:AG4)*3 -> 0 | BC4: =AVERAGE(AH4:AQ4)*2 -> 0 | BD4: =AVERAGE(AR4:AZ4)*1 -> 0.22222222 | BE4: =SUM(BA4:BD4) -> 1.7222222 | BF4: =(BE4/61.16)*100 -> 2.8159291
A5: 3 | BF5: =(BE5/61.16)*100 -> 0
A6: 4 | BF6: =(BE6/61.16)*100 -> 0
A7: 5 | BF7: =(BE7/61.16)*100 -> 0
A8: 6 | BF8: =(BE8/61.16)*100 -> 0
A9: 7 | BF9: =(BE9/61.16)*100 -> 0
A10: 8 | BF10: =(BE10/61.16)*100 -> 0
A11: 9 | BF11: =(BE11/61.16)*100 -> 0
A12: 10 | BF12: =(BE12/61.16)*100 -> 0
A13: 11 | BF13: =(BE13/61.16)*100 -> 0
A14: 12 | BF14: =(BE14/61.16)*100 -> 0
A15: 13 | BF15: =(BE15/61.16)*100 -> 0
A16: 14 | BF16: =(BE16/61.16)*100 -> 0
... A38: 36 | BF38: =(BE38/61.16)*100 -> 0
A39: 37
A40: 38
A41: 39
A42: 40
A43: 41
A44: 42
A45: 43
A46: 44
A47: 45
A48: 46
A49: 47
A50: 48
... A82: 80
BA83: =AVERAGE(BA3:BA30) -> 4 | BB83: =AVERAGE(BB3:BB30) -> 0 | BC83: =AVERAGE(BC3:BC30) -> 0.5 | BD83: =AVERAGE(BD3:BD29) -> 0.55555556 | BE83: =AVERAGE(BE3:BE29) -> 5.0555556 | BF83: =AVERAGE(BF3:BF29) -> 0.61230477

Sheet INTRA LABORAL B
A1: FICHA DE DATOS GENERALES | DO1: DOMINIO 1 | DS1: DOMINIO 2 | DX1: DOMINIO 3 | EF1: DOMINIO 4 | EH1: VALOR TOTAL POR DOMINIOS | EL1: TOTALES | EN1: DIMENSION 1 | ER1: DIMENSION 2 | EW1: DIMENSION 3 | FE1: DIMENSION 4
V2: PREGUNTAS | DO2: LIDERAZGO Y RELACIONES SOCIALES EN EL TRABAJO | DS2: CONTROL SOBRE EL TRABAJO | DX2: DEMANDAS DEL TRABAJO | EF2: RECOMPENSAS | EN2: LIDERAZGO Y RELACIONES SOCIALES EN EL TRABAJO | ER2: CONTROL SOBRE EL TRABAJO | EW2: DEMANDAS DEL TRABAJO | FE2: RECOMPENSAS | FG2: VALOR TOTAL POR DOMINIOS | FK2: TOTALES | FM2: Factores de Transformacion para el total de la evaluacion general de factores de riesgo psicosocial (Intra y Extra)
A3: Item | B3: Nombre | C3: Identificacion | D3: Sexo | E3: Año Nacimiento | F3: Estado Civil | G3: Ultimo nivel de estudio | H3: Ocupacion/Profesion | I3: Lugar de Residencia | J3: Estrato | K3: Tipo de Vivienda | L3: Numero de personas a cargo | M3: Lugar donde trabaja actualmente | N3: Tiempo de trabajo en la empresa | O3: Cargo actual | P3: Selecciones el tipo de cargo | Q3: Hace cuantos años que desempeña el cargo u oficio en la empresa | R3: Departamento, area o seccion de la empresa en el que trabaja | S3: Tipo de contrato | T3: Horas diarias de trabajo al dia | U3: Tipo de salario que recibe | V3: 1 | W3: 2 | X3: 3 | Y3: 4 | Z3: 5 | AA3: 6 | AB3: 7 | AC3: 8 | AD3: 9 | AE3: 10 | AF3: 11 | AG3: 12 | AH3: 13 | AI3: 14 | AJ3: 15 | AK3: 16 | AL3: 17 | AM3: 18 | AN3: 19 | AO3: 20 | AP3: 21 | AQ3: 22 | AR3: 23 | AS3: 24 | AT3: 25 | AU3: 26 | AV3: 27 | AW3: 28 | AX3: 29 | AY3: 30 | AZ3: 31 | BA3: 32 | BB3: 33 | BC3: 34 | BD3: 35 | BE3: 36 | BF3: 37 | BG3: 38 | BH3: 39 | BI3: 40 | BJ3: 41 | BK3: 42 | BL3: 43 | BM3: 44 | BN3: 45 | BO3: 46 | BP3: 47 | BQ3: 48 | BR3: 49 | BS3: 50 | BT3: 51 | BU3: 52 | BV3: 53 | BW3: 54 | BX3: 55 | BY3: 56 | BZ3: 57 | CA3: 58 | CB3: 59 | CC3: 60 | CD3: 61 | CE3: 62 | CF3: 63 | CG3: 64 | CH3: 65 | CI3: 66 | CJ3: 67 | CK3: 68 | CL3: 69 | CM3: 70 | CN3: 71 | CO3: 72 | CP3: 73 | CQ3: 74 | CR3: 75 | CS3: 76 | CT3: 77 | CU3: 78 | CV3: 79 | CW3: 80 | CX3: 81 | CY3: 82 | CZ3: 83 | DA3: 84 | DB3: 85 | DC3: 86 | DD3: 87 | DE3: 88 | DF3: 89 | DG3: 90 | DH3: 91 | DI3: 92 | DJ3: 93 | DK3: 94 | DL3: 95 | DM3: 96 | DN3: 97 | DO3: Caracteristicas del Liderazgo | DP3: Relaciones sociales en el trabajo | DQ3: Retroalimentacion del desempeño | DR3: Relacion con los colaboradores | DS3: Claridad del Rol | DT3: Capacitacion | DU3: Participacion y manejo del cambio | DV3: Oportunidades para el uso y desarrollo de habilidades y conocimientos | DW3: Control y autonomia sobre el trabajo | DX3: Demandas ambientales y de esfuerzo fisico | DY3: Demandas emocionales | DZ3: Demandas cualitativas | EA3: Influencia del trabajo sobre el entorno extralaboral | EB3: Exigencias de responsabilidad del cargo | EC3: Demandas de carga mental | ED3: Consistencia del Rol | EE3: Demandas de la jornada de trabajo | EF3: Recompensas derivadas de la pertenencia a la organización y del trabajo que se realiza | EG3: Reconocimientos y compensacion | EH3: LIDERAZGO Y RELACIONES SOCIALES EN EL TRABAJO | EI3: CONTROL SOBRE EL TRABAJO | EJ3: DEMANDAS DEL TRABAJO | EK3: RECOMPENSAS | EL3: Total General Factores de Riesgo Psicosocial Intralaboral | EN3: Caracteristicas del Liderazgo | EO3: Relaciones sociales en el trabajo | EP3: Retroalimentacion del desempeño | EQ3: Relacion con los colaboradores | ER3: Claridad del Rol | ES3: Capacitacion | ET3: Participacion y manejo del cambio | EU3: Oportunidades para el uso y desarrollo de habilidades y conocimientos | EV3: Control y autonomia sobre el trabajo | EW3: Demandas ambientales y de esfuerzo fisico | EX3: Demandas emocionales | EY3: Demandas cualitativas | EZ3: Influencia del trabajo sobre el entorno extralaboral | FA3: Exigencias de responsabilidad del cargo | FB3: Demandas de carga mental | FC3: Consistencia del Rol | FD3: Demandas de la jornada de trabajo | FE3: Recompensas derivadas de la pertenencia a la organización y del trabajo que se realiza | FF3: Reconocimientos y compensacion | FG3: LIDERAZGO Y RELACIONES SOCIALES EN EL TRABAJO | FH3: CONTROL SOBRE EL TRABAJO | FI3: DEMANDAS DEL TRABAJO | FJ3: RECOMPENSAS | FK3: Total General Factores de Riesgo Psicosocial Intralaboral | FM3: Sumatoria Intra - Extra Forma B | FN3: Puntaje Total de la Evaluacion General de factores de riesgo psicosocial (Suma intra + extra)
A4: 1 | B4: ALEJANDRA TATIANA MURCIA ORBE | C4: 1080933847 | D4: f | E4: 1992 | F4: Soltero (a) | G4: PROFESIONAL | H4: INGENIERO ELECTRONICO | I4: Neiva - Huila | J4: 2 | K4: En arriendo | L4: 0 | M4: Neiva - Huila | N4: Menos de 1 año | O4: ingeniero de mantenimiento biomedico | P4: Profesional, analista, técnico, tecnólogo | Q4: Menos de 1 año | R4: ingenieria | S4: Temporal de menos de 1 año | T4: 8 | U4: Fijo | V4: 1 | W4: 2 | X4: 1 | Y4: 1 | Z4: 0 | AA4: 1 | AB4: 2 | AC4: 1 | AD4: 1 | AE4: 2 | AF4: 1 | AG4: 1 | AH4: 2 | AI4: 1 | AJ4: 0 | AK4: 3 | AL4: 4 | AM4: 2 | AN4: 2 | AO4: 4 | AP4: 2 | AQ4: 0 | AR4: 0 | AS4: 0 | AT4: 2 | AU4: 0 | AV4: 2 | AW4: 2 | AX4: 2 | AY4: 1 | AZ4: 0 | BA4: 0 | BB4: 0 | BC4: 2 | BD4: 2 | BE4: 3 | BF4: 0 | BG4: 1 | BH4: 3 | BI4: 2 | BJ4: 1 | BK4: 1 | BL4: 1 | BM4: 0 | BN4: 1 | BO4: 0 | BP4: 0 | BQ4: 0 | BR4: 1 | BS4: 1 | BT4: 1 | BU4: 1 | BV4: 0 | BW4: 0 | BX4: 1 | BY4: 1 | BZ4: 1 | CA4: 1 | CB4: 1 | CC4: 1 | CD4: 1 | CE4: 1 | CF4: 0 | CG4: 1 | CH4: 1 | CI4: 0 | CJ4: 1 | CK4: 1 | CL4: 0 | CM4: 1 | CN4: 1 | CO4: 0 | CP4: 2 | CQ4: 1 | CR4: 1 | CS4: 1 | CT4: 1 | CU4: 1 | CV4: 0 | CW4: 0 | CX4: 1 | CY4: 0 | CZ4: 0 | DA4: 0 | DB4: 0 | DC4: 0 | DD4: 0 | DE4: 0 | DF4: 1 | DG4: 2 | DH4: 0 | DI4: 0 | DJ4: 0 | DK4: 0 | DL4: 0 | DM4: 0 | DN4: 4 | DO4: =+SUM(BR4:CD4) -> 11 | DP4: =+SUM(CE4:CP4) -> 9 | DQ4: =+SUM(CQ4:CU4) -> 5 | DR4: No aplica | DS4: =+SUM(BJ4:BN4) -> 4 | DT4: =+SUM(BO4:BQ4) -> 0 | DU4: =+SUM(BG4:BI4) -> 6 | DV4: =+SUM(AX4:BA4) -> 3 | DW4: =+SUM(BC4:BE4) -> 7 | DX4: =+SUM(V4:AG4) -> 14 | DY4: =+SUM(DF4:DN4) -> 7 | DZ4: =+SUM(AH4:AJ4) -> 3 | EA4: =+SUM(AT4:AW4) -> 6 | EB4: No evalua | EC4: =+SUM(AK4:AO4) -> 15 | ED4: No evalua | EE4: =+SUM(AP4+AQ4+AR4+AS4+BB4+BF4) -> 2 | EF4: =+SUM(DB4:DE4) -> 0 | EG4: =+SUM(CV4:DA4) -> 1 | EH4: =+SUM(DO4:DQ4) -> 25 | EI4: =+SUM(DS4:DW4) -> 20 | EJ4: =+SUM(DX4:EE4) -> 47 | EK4: =+SUM(EF4:EG4) -> 1 | EL4: =+SUM(EH4:EK4) -> 93 | EN4: =+SUM(DO4/52)*100 -> 21.153846 | EO4: =+SUM(DP4/48)*100 -> 18.75 | EP4: =+SUM(DQ4/20)*100 -> 25 | EQ4: No aplica | ER4: =+SUM(DS4/20)*100 -> 20 | ES4: =+SUM(DT4/12)*100 -> 0 | ET4: =+SUM(DU4/12)*100 -> 50 | EU4: =+SUM(DV4/16)*100 -> 18.75 | EV4: =+SUM(DW4/12)*100 -> 58.333333 | EW4: =+SUM(DX4/48)*100 -> 29.166667 | EX4: =+SUM(DY4/36)*100 -> 19.444444 | EY4: =+SUM(DZ4/12)*100 -> 25 | EZ4: =+SUM(EA4/16)*100 -> 37.5 | FA4: No evalua | FB4: =+SUM(EC4/20)*100 -> 75 | FC4: No evalua | FD4: =+SUM(EE4/24)*100 -> 8.3333333 | FE4: =+SUM(EF4/16)*100 -> 0 | FF4: =+SUM(EG4/24)*100 -> 4.1666667 | FG4: =+SUM(EH4/120)*100 -> 20.833333 | FH4: =+SUM(EI4/72)*100 -> 27.777778 | FI4: =+SUM(EJ4/156)*100 -> 30.128205 | FJ4: =+SUM(EK4/40)*100 -> 2.5 | FK4: =+SUM(EL4/388)*100 -> 23.969072 | FM4: =EL4+'EXTRALABORAL B '!BH4 -> 112 | FN4: =+(FM4/512)*100 -> 21.875
A5: 2 | B5: FRANCISCO JAVIER COLLAZOS | C5: 1081156257 | D5: m | E5: 1989 | F5: Union Libre | G5: TECNICO / TECNOLOGICO COMPLETO | H5: MANTENIMIENTO BIOMEDICO | I5: Neiva - Huila | J5: 2 | K5: En arriendo | L5: 4 | M5: Neiva - Huila | N5: Temporal de 1 año o mas | O5: Mantenimiento Biomedico | P5: Operario Operador , ayudante, servicios generales | Q5: 2 años | R5: ingenieria | S5: Temporal de menos de 1 año | T5: 9 | U5: Fijo | V5: 1 | W5: 1 | X5: 1 | Y5: 0 | Z5: 0 | AA5: 0 | AB5: 1 | AC5: 1 | AD5: 0 | AE5: 1 | AF5: 0 | AG5: 0 | AH5: 2 | AI5: 0 | AJ5: 0 | AK5: 0 | AL5: 3 | AM5: 2 | AN5: 0 | AO5: 4 | AP5: 2 | AQ5: 4 | AR5: 0 | AS5: 4 | AT5: 0 | AU5: 0 | AV5: 2 | AW5: 2 | AX5: 2 | AY5: 1 | AZ5: 0 | BA5: 0 | BB5: 0 | BC5: 3 | BD5: 0 | BE5: 0 | BF5: 0 | BG5: 0 | BH5: 0 | BI5: 0 | BJ5: 0 | BK5: 0 | BL5: 0 | BM5: 0 | BN5: 0 | BO5: 0 | BP5: 0 | BQ5: 0 | BR5: 0 | BS5: 0 | BT5: 2 | BU5: 0 | BV5: 0 | BW5: 0 | BX5: 0 | BY5: 0 | BZ5: 0 | CA5: 0 | CB5: 0 | CC5: 0 | CD5: 0 | CE5: 0 | CF5: 0 | CG5: 0 | CH5: 0 | CI5: 4 | CJ5: 0 | CK5: 0 | CL5: 0 | CM5: 0 | CN5: 0 | CO5: 0 | CP5: 0 | CQ5: 2 | CR5: 0 | CS5: 0 | CT5: 0 | CU5: 0 | CV5: 0 | CW5: 0 | CX5: 0 | CY5: 0 | CZ5: 0 | DA5: 0 | DB5: 0 | DC5: 0 | DD5: 0 | DE5: 0 | DF5: 2 | DG5: 2 | DH5: 0 | DI5: 2 | DJ5: 0 | DK5: 0 | DL5: 0 | DM5: 0 | DN5: 4 | DO5: =+SUM(BR5:CD5) -> 2 | DP5: =+SUM(CE5:CP5) -> 4 | DQ5: =+SUM(CQ5:CU5) -> 2 | DR5: No aplica | DS5: =+SUM(BJ5:BN5) -> 0 | DT5: =+SUM(BO5:BQ5) -> 0 | DU5: =+SUM(BG5:BI5) -> 0 | DV5: =+SUM(AX5:BA5) -> 3 | DW5: =+SUM(BC5:BE5) -> 3 | DX5: =+SUM(V5:AG5) -> 6 | DY5: =+SUM(DF5:DN5) -> 10 | DZ5: =+SUM(AH5:AJ5) -> 2 | EA5: =+SUM(AT5:AW5) -> 4 | EB5: No evalua | EC5: =+SUM(AK5:AO5) -> 9 | ED5: No evalua | EE5: =+SUM(AP5+AQ5+AR5+AS5+BB5+BF5) -> 10 | EF5: =+SUM(DB5:DE5) -> 0 | EG5: =+SUM(CV5:DA5) -> 0 | EH5: =+SUM(DO5:DQ5) -> 8 | EI5: =+SUM(DS5:DW5) -> 6 | EJ5: =+SUM(DX5:EE5) -> 41 | EK5: =+SUM(EF5:EG5) -> 0 | EL5: =+SUM(EH5:EK5) -> 55 | EN5: =+SUM(DO5/52)*100 -> 3.8461538 | EO5: =+SUM(DP5/48)*100 -> 8.3333333 | EP5: =+SUM(DQ5/20)*100 -> 10 | EQ5: No aplica | ER5: =+SUM(DS5/20)*100 -> 0 | ES5: =+SUM(DT5/12)*100 -> 0 | ET5: =+SUM(DU5/12)*100 -> 0 | EU5: =+SUM(DV5/16)*100 -> 18.75 | EV5: =+SUM(DW5/12)*100 -> 25 | EW5: =+SUM(DX5/48)*100 -> 12.5 | EX5: =+SUM(DY5/36)*100 -> 27.777778 | EY5: =+SUM(DZ5/12)*100 -> 16.666667 | EZ5: =+SUM(EA5/16)*100 -> 25 | FA5: No evalua | FB5: =+SUM(EC5/20)*100 -> 45 | FC5: No evalua | FD5: =+SUM(EE5/24)*100 -> 41.666667 | FE5: =+SUM(EF5/16)*100 -> 0 | FF5: =+SUM(EG5/24)*100 -> 0 | FG5: =+SUM(EH5/120)*100 -> 6.6666667 | FH5: =+SUM(EI5/72)*100 -> 8.3333333 | FI5: =+SUM(EJ5/156)*100 -> 26.282051 | FJ5: =+SUM(EK5/40)*100 -> 0 | FK5: =+SUM(EL5/388)*100 -> 14.175258 | FM5: =EL5+'EXTRALABORAL B '!BH5 -> 86 | FN5: =+(FM5/512)*100 -> 16.796875
A6: 3 | B6: sandra yadira parada | C6: 1090381143 | D6: f | E6: 1972 | F6: Viudo (a) | G6: TECNICO / TECNOLOGICO COMPLETO | H6: REGENCIA DE FARMACIA | I6: Neiva - Huila | J6: 3 | K6: Propia | L6: 2 | M6: Neiva - Huila | N6: Menos de 1 año | O6: Regente de Farmacia | P6: Profesional, analista, tecnico, tecnologo | Q6: Menos de 1 año | R6: Almacen | S6: Temporal de menos de 1 año | T6: 8 | U6: Fijo | V6: 0 | W6: 0 | X6: 0 | Y6: 1 | Z6: 0 | AA6: 2 | AB6: 0 | AC6: 1 | AD6: 0 | AE6: 1 | AF6: 0 | AG6: 3 | AH6: 1 | AI6: 1 | AJ6: 1 | AK6: 2 | AL6: 4 | AM6: 2 | AN6: 3 | AO6: 2 | AP6: 0 | AQ6: 1 | AR6: 0 | AS6: 0 | AT6: 0 | AU6: 0 | AV6: 0 | AW6: 0 | AX6: 3 | AY6: 2 | AZ6: 0 | BA6: 0 | BB6: 0 | BC6: 1 | BD6: 2 | BE6: 2 | BF6: 2 | BG6: 1 | BH6: 0 | BI6: 0 | BJ6: 2 | BK6: 1 | BL6: 0 | BM6: 0 | BN6: 1 | BO6: 0 | BP6: 1 | BQ6: 0 | BR6: 0 | BS6: 0 | BT6: 0 | BU6: 1 | BV6: 2 | BW6: 0 | BX6: 1 | BY6: 1 | BZ6: 1 | CA6: 0 | CB6: 0 | CC6: 0 | CD6: 0 | CE6: 0 | CF6: 0 | CG6: 1 | CH6: 1 | CI6: 0 | CJ6: 0 | CK6: 2 | CL6: 0 | CM6: 1 | CN6: 0 | CO6: 1 | CP6: 2 | CQ6: 2 | CR6: 2 | CS6: 1 | CT6: 1 | CU6: 1 | CV6: 0 | CW6: 0 | CX6: 4 | CY6: 1 | CZ6: 0 | DA6: 0 | DB6: 0 | DC6: 0 | DD6: 0 | DE6: 0 | DF6: 0 | DG6: 1 | DH6: 0 | DI6: 0 | DJ6: 2 | DK6: 0 | DL6: 0 | DM6: 0 | DN6: 4 | DO6: =+SUM(BR6:CD6) -> 6 | DP6: =+SUM(CE6:CP6) -> 8 | DQ6: =+SUM(CQ6:CU6) -> 7 | DR6: No aplica | DS6: =+SUM(BJ6:BN6) -> 4 | DT6: =+SUM(BO6:BQ6) -> 1 | DU6: =+SUM(BG6:BI6) -> 1 | DV6: =+SUM(AX6:BA6) -> 5 | DW6: =+SUM(BC6:BE6) -> 5 | DX6: =+SUM(V6:AG6) -> 8 | DY6: =+SUM(DF6:DN6) -> 7 | DZ6: =+SUM(AH6:AJ6) -> 3 | EA6: =+SUM(AT6:AW6) -> 0 | EB6: No evalua | EC6: =+SUM(AK6:AO6) -> 13 | ED6: No evalua | EE6: =+SUM(AP6+AQ6+AR6+AS6+BB6+BF6) -> 3 | EF6: =+SUM(DB6:DE6) -> 0 | EG6: =+SUM(CV6:DA6) -> 5 | EH6: =+SUM(DO6:DQ6) -> 21 | EI6: =+SUM(DS6:DW6) -> 16 | EJ6: =+SUM(DX6:EE6) -> 34 | EK6: =+SUM(EF6:EG6) -> 5 | EL6: =+SUM(EH6:EK6) -> 76 | EN6: =+SUM(DO6/52)*100 -> 11.538462 | EO6: =+SUM(DP6/48)*100 -> 16.666667 | EP6: =+SUM(DQ6/20)*100 -> 35 | EQ6: No aplica | ER6: =+SUM(DS6/20)*100 -> 20 | ES6: =+SUM(DT6/12)*100 -> 8.3333333 | ET6: =+SUM(DU6/12)*100 -> 8.3333333 | EU6: =+SUM(DV6/16)*100 -> 31.25 | EV6: =+SUM(DW6/12)*100 -> 41.666667 | EW6: =+SUM(DX6/48)*100 -> 16.666667 | EX6: =+SUM(DY6/36)*100 -> 19.444444 | EY6: =+SUM(DZ6/12)*100 -> 25 | EZ6: =+SUM(EA6/16)*100 -> 0 | FA6: No evalua | FB6: =+SUM(EC6/20)*100 -> 65 | FC6: No evalua | FD6: =+SUM(EE6/24)*100 -> 12.5 | FE6: =+SUM(EF6/16)*100 -> 0 | FF6: =+SUM(EG6/24)*100 -> 20.833333 | FG6: =+SUM(EH6/120)*100 -> 17.5 | FH6: =+SUM(EI6/72)*100 -> 22.222222 | FI6: =+SUM(EJ6/156)*100 -> 21.794872 | FJ6: =+SUM(EK6/40)*100 -> 12.5 | FK6: =+SUM(EL6/388)*100 -> 19.587629 | FM6: =EL6+'EXTRALABORAL B '!BH6 -> 105 | FN6: =+(FM6/512)*100 -> 20.507812
A7: 4 | B7: Ever toledo ramon | C7: 7703284 | D7: m | E7: 1976 | F7: Union Libre | G7: BACHILLERATO COMPLETO | H7: CONDUCTOR | I7: Neiva - Huila | J7: 2 | K7: En arriendo | L7: 4 | M7: Neiva - Huila | N7: Mas de 1 año | O7: Conductor /Mensajero | P7: Operario Operador , ayudante, servicios generales | Q7: 10 años | R7: Almacen | S7: Prestacion de servicios | T7: 8 | U7: Fijo | V7: 1 | W7: 1 | X7: 2 | Y7: 0 | Z7: 0 | AA7: 1 | AB7: 0 | AC7: 1 | AD7: 0 | AE7: 0 | AF7: 1 | AG7: 0 | AH7: 2 | AI7: 0 | AJ7: 2 | AK7: 2 | AL7: 3 | AM7: 3 | AN7: 2 | AO7: 2 | AP7: 2 | AQ7: 2 | AR7: 1 | AS7: 4 | AT7: 2 | AU7: 0 | AV7: 0 | AW7: 0 | AX7: 2 | AY7: 1 | AZ7: 1 | BA7: 0 | BB7: 1 | BC7: 2 | BD7: 2 | BE7: 3 | BF7: 2 | BG7: 0 | BH7: 0 | BI7: 0 | BJ7: 0 | BK7: 0 | BL7: 0 | BM7: 0 | BN7: 0 | BO7: 0 | BP7: 0 | BQ7: 0 | BR7: 0 | BS7: 0 | BT7: 0 | BU7: 0 | BV7: 0 | BW7: 0 | BX7: 0 | BY7: 0 | BZ7: 0 | CA7: 0 | CB7: 0 | CC7: 0 | CD7: 0 | CE7: 1 | CF7: 0 | CG7: 2 | CH7: 2 | CI7: 0 | CJ7: 1 | CK7: 2 | CL7: 1 | CM7: 1 | CN7: 1 | CO7: 1 | CP7: 3 | CQ7: 2 | CR7: 1 | CS7: 1 | CT7: 1 | CU7: 1 | CV7: 0 | CW7: 0 | CX7: 0 | CY7: 0 | CZ7: 0 | DA7: 0 | DB7: 0 | DC7: 0 | DD7: 0 | DE7: 0 | DF7: 2 | DG7: 2 | DH7: 1 | DI7: 0 | DJ7: 1 | DK7: 0 | DL7: 0 | DM7: 1 | DN7: 3 | DO7: =+SUM(BR7:CD7) -> 0 | DP7: =+SUM(CE7:CP7) -> 15 | DQ7: =+SUM(CQ7:CU7) -> 6 | DR7: No aplica | DS7: =+SUM(BJ7:BN7) -> 0 | DT7: =+SUM(BO7:BQ7) -> 0 | DU7: =+SUM(BG7:BI7) -> 0 | DV7: =+SUM(AX7:BA7) -> 4 | DW7: =+SUM(BC7:BE7) -> 7 | DX7: =+SUM(V7:AG7) -> 7 | DY7: =+SUM(DF7:DN7) -> 10 | DZ7: =+SUM(AH7:AJ7) -> 4 | EA7: =+SUM(AT7:AW7) -> 2 | EB7: No evalua | EC7: =+SUM(AK7:AO7) -> 12 | ED7: No evalua | EE7: =+SUM(AP7+AQ7+AR7+AS7+BB7+BF7) -> 12 | EF7: =+SUM(DB7:DE7) -> 0 | EG7: =+SUM(CV7:DA7) -> 0 | EH7: =+SUM(DO7:DQ7) -> 21 | EI7: =+SUM(DS7:DW7) -> 11 | EJ7: =+SUM(DX7:EE7) -> 47 | EK7: =+SUM(EF7:EG7) -> 0 | EL7: =+SUM(EH7:EK7) -> 79 | EN7: =+SUM(DO7/52)*100 -> 0 | EO7: =+SUM(DP7/48)*100 -> 31.25 | EP7: =+SUM(DQ7/20)*100 -> 30 | EQ7: No aplica | ER7: =+SUM(DS7/20)*100 -> 0 | ES7: =+SUM(DT7/12)*100 -> 0 | ET7: =+SUM(DU7/12)*100 -> 0 | EU7: =+SUM(DV7/16)*100 -> 25 | EV7: =+SUM(DW7/12)*100 -> 58.333333 | EW7: =+SUM(DX7/48)*100 -> 14.583333 | EX7: =+SUM(DY7/36)*100 -> 27.777778 | EY7: =+SUM(DZ7/12)*100 -> 33.333333 | EZ7: =+SUM(EA7/16)*100 -> 12.5 | FA7: No evalua | FB7: =+SUM(EC7/20)*100 -> 60 | FC7: No evalua | FD7: =+SUM(EE7/24)*100 -> 50 | FE7: =+SUM(EF7/16)*100 -> 0 | FF7: =+SUM(EG7/24)*100 -> 0 | FG7: =+SUM(EH7/120)*100 -> 17.5 | FH7: =+SUM(EI7/72)*100 -> 15.277778 | FI7: =+SUM(EJ7/156)*100 -> 30.128205 | FJ7: =+SUM(EK7/40)*100 -> 0 | FK7: =+SUM(EL7/388)*100 -> 20.360825 | FM7: =EL7+'EXTRALABORAL B '!BH55 -> 102 | FN7: =+(FM7/512)*100 -> 19.921875
A8: 4 | B8: Deicy Cleves Mora | C8: 36310138 | D8: f | E8: 1983 | F8: Casado (a) | G8: TECNICO / TECNOLOGICO COMPLETO | H8: EMPLEADA | I8: Neiva - Huila | J8: 2 | K8: Familiar | L8: 1 | M8: Neiva - Huila | N8: Temporal de 1 año o mas | O8: Asistente Administrativa y Comercial | P8: Auxiliar, asistente , administrativo, asistente tecnico | Q8: Temporal de 1 año o mas | R8: Area comercial y administrativa | S8: Temporal de 1 año o mas | T8: 8 | U8: Fijo | V8: 1 | W8: 1 | X8: 1 | Y8: 1 | Z8: 0 | AA8: 0 | AB8: 0 | AC8: 0 | AD8: 0 | AE8: 0 | AF8: 1 | AG8: 0 | AH8: 0 | AI8: 1 | AJ8: 2 | AK8: 2 | AL8: 3 | AM8: 3 | AN8: 4 | AO8: 4 | AP8: 0 | AQ8: 2 | AR8: 0 | AS8: 0 | AT8: 2 | AU8: 0 | AV8: 0 | AW8: 0 | AX8: 3 | AY8: 1 | AZ8: 1 | BA8: 2 | BB8: 1 | BC8: 2 | BD8: 1 | BE8: 1 | BF8: 2 | BG8: 0 | BH8: 2 | BI8: 2 | BJ8: 0 | BK8: 1 | BL8: 0 | BM8: 0 | BN8: 0 | BO8: 0 | BP8: 1 | BQ8: 1 | BR8: 1 | BS8: 2 | BT8: 2 | BU8: 2 | BV8: 2 | BW8: 2 | BX8: 1 | BY8: 2 | BZ8: 1 | CA8: 0 | CB8: 2 | CC8: 2 | CD8: 2 | CE8: 1 | CF8: 1 | CG8: 2 | CH8: 1 | CI8: 0 | CJ8: 1 | CK8: 1 | CL8: 0 | CM8: 1 | CN8: 1 | CO8: 1 | CP8: 2 | CQ8: 1 | CR8: 2 | CS8: 2 | CT8: 1 | CU8: 2 | CV8: 0 | CW8: 0 | CX8: 1 | CY8: 0 | CZ8: 1 | DA8: 2 | DB8: 0 | DC8: 1 | DD8: 1 | DE8: 0 | DF8: 2 | DG8: 2 | DH8: 1 | DI8: 0 | DJ8: 0 | DK8: 0 | DL8: 0 | DM8: 0 | DN8: 4 | DO8: =+SUM(BR8:CD8) -> 21 | DP8: =+SUM(CE8:CP8) -> 12 | DQ8: =+SUM(CQ8:CU8) -> 8 | DR8: No aplica | DS8: =+SUM(BJ8:BN8) -> 1 | DT8: =+SUM(BO8:BQ8) -> 2 | DU8: =+SUM(BG8:BI8) -> 4 | DV8: =+SUM(AX8:BA8) -> 7 | DW8: =+SUM(BC8:BE8) -> 4 | DX8: =+SUM(V8:AG8) -> 5 | DY8: =+SUM(DF8:DN8) -> 9 | DZ8: =+SUM(AH8:AJ8) -> 3 | EA8: =+SUM(AT8:AW8) -> 2 | EB8: No evalua | EC8: =+SUM(AK8:AO8) -> 16 | ED8: No evalua | EE8: =+SUM(AP8+AQ8+AR8+AS8+BB8+BF8) -> 5 | EF8: =+SUM(DB8:DE8) -> 2 | EG8: =+SUM(CV8:DA8) -> 4 | EH8: =+SUM(DO8:DQ8) -> 41 | EI8: =+SUM(DS8:DW8) -> 18 | EJ8: =+SUM(DX8:EE8) -> 40 | EK8: =+SUM(EF8:EG8) -> 6 | EL8: =+SUM(EH8:EK8) -> 105 | EN8: =+SUM(DO8/52)*100 -> 40.384615 | EO8: =+SUM(DP8/48)*100 -> 25 | EP8: =+SUM(DQ8/20)*100 -> 40 | EQ8: No aplica | ER8: =+SUM(DS8/20)*100 -> 5 | ES8: =+SUM(DT8/12)*100 -> 16.666667 | ET8: =+SUM(DU8/12)*100 -> 33.333333 | EU8: =+SUM(DV8/16)*100 -> 43.75 | EV8: =+SUM(DW8/12)*100 -> 33.333333 | EW8: =+SUM(DX8/48)*100 -> 10.416667 | EX8: =+SUM(DY8/36)*100 -> 25 | EY8: =+SUM(DZ8/12)*100 -> 25 | EZ8: =+SUM(EA8/16)*100 -> 12.5 | FA8: No evalua | FB8: =+SUM(EC8/20)*100 -> 80 | FC8: No evalua | FD8: =+SUM(EE8/24)*100 -> 20.833333 | FE8: =+SUM(EF8/16)*100 -> 12.5 | FF8: =+SUM(EG8/24)*100 -> 16.666667 | FG8: =+SUM(EH8/120)*100 -> 34.166667 | FH8: =+SUM(EI8/72)*100 -> 25 | FI8: =+SUM(EJ8/156)*100 -> 25.641026 | FJ8: =+SUM(EK8/40)*100 -> 15 | FK8: =+SUM(EL8/388)*100 -> 27.061856 | FM8: =EL8+'EXTRALABORAL B '!BH56 -> 121 | FN8: =+(FM8/512)*100 -> 23.632812
A9: 6 | B9: juan Carlos Lopez Gutierrez | C9: 7713088 | D9: m | E9: 1980 | F9: Casado (a) | G9: TECNICO / TECNOLOGICO COMPLETO | H9: EMPLEADA | I9: Neiva - Huila | J9: 2 | K9: Propia | L9: 2 | M9: Neiva - Huila | N9: 3 años | O9: Auxiliar de almacen y conductor | P9: Operario Operador , ayudante, servicios generales | Q9: 3 años | R9: Almacen | S9: Temporal de 1 año o mas | T9: 8 | U9: Fijo | V9: 0 | W9: 1 | X9: 1 | Y9: 1 | Z9: 0 | AA9: 1 | AB9: 0 | AC9: 1 | AD9: 0 | AE9: 1 | AF9: 2 | AG9: 0 | AH9: 2 | AI9: 2 | AJ9: 2 | AK9: 1 | AL9: 2 | AM9: 1 | AN9: 1 | AO9: 2 | AP9: 1 | AQ9: 0 | AR9: 0 | AS9: 0 | AT9: 1 | AU9: 0 | AV9: 0 | AW9: 0 | AX9: 3 | AY9: 1 | AZ9: 1 | BA9: 1 | BB9: 1 | BC9: 3 | BD9: 1 | BE9: 3 | BF9: 2 | BG9: 1 | BH9: 1 | BI9: 2 | BJ9: 0 | BK9: 0 | BL9: 0 | BM9: 0 | BN9: 0 | BO9: 0 | BP9: 0 | BQ9: 0 | BR9: 1 | BS9: 1 | BT9: 0 | BU9: 1 | BV9: 1 | BW9: 1 | BX9: 1 | BY9: 1 | BZ9: 1 | CA9: 0 | CB9: 0 | CC9: 0 | CD9: 0 | CE9: 1 | CF9: 0 | CG9: 1 | CH9: 3 | CI9: 0 | CJ9: 0 | CK9: 0 | CL9: 1 | CM9: 0 | CN9: 1 | CO9: 1 | CP9: 1 | CQ9: 1 | CR9: 0 | CS9: 0 | CT9: 0 | CU9: 0 | CV9: 0 | CW9: 0 | CX9: 0 | CY9: 0 | CZ9: 0 | DA9: 0 | DB9: 0 | DC9: 0 | DD9: 0 | DE9: 0 | DF9: 3 | DG9: 2 | DH9: 0 | DI9: 0 | DJ9: 0 | DK9: 0 | DL9: 0 | DM9: 0 | DN9: 4 | DO9: =+SUM(BR9:CD9) -> 8 | DP9: =+SUM(CE9:CP9) -> 9 | DQ9: =+SUM(CQ9:CU9) -> 1 | DR9: No aplica | DS9: =+SUM(BJ9:BN9) -> 0 | DT9: =+SUM(BO9:BQ9) -> 0 | DU9: =+SUM(BG9:BI9) -> 4 | DV9: =+SUM(AX9:BA9) -> 6 | DW9: =+SUM(BC9:BE9) -> 7 | DX9: =+SUM(V9:AG9) -> 8 | DY9: =+SUM(DF9:DN9) -> 9 | DZ9: =+SUM(AH9:AJ9) -> 6 | EA9: =+SUM(AT9:AW9) -> 1 | EB9: No evalua | EC9: =+SUM(AK9:AO9) -> 7 | ED9: No evalua | EE9: =+SUM(AP9+AQ9+AR9+AS9+BB9+BF9) -> 4 | EF9: =+SUM(DB9:DE9) -> 0 | EG9: =+SUM(CV9:DA9) -> 0 | EH9: =+SUM(DO9:DQ9) -> 18 | EI9: =+SUM(DS9:DW9) -> 17 | EJ9: =+SUM(DX9:EE9) -> 35 | EK9: =+SUM(EF9:EG9) -> 0 | EL9: =+SUM(EH9:EK9) -> 70 | EN9: =+SUM(DO9/52)*100 -> 15.384615 | EO9: =+SUM(DP9/48)*100 -> 18.75 | EP9: =+SUM(DQ9/20)*100 -> 5 | EQ9: No aplica | ER9: =+SUM(DS9/20)*100 -> 0 | ES9: =+SUM(DT9/12)*100 -> 0 | ET9: =+SUM(DU9/12)*100 -> 33.333333 | EU9: =+SUM(DV9/16)*100 -> 37.5 | EV9: =+SUM(DW9/12)*100 -> 58.333333 | EW9: =+SUM(DX9/48)*100 -> 16.666667 | EX9: =+SUM(DY9/36)*100 -> 25 | EY9: =+SUM(DZ9/12)*100 -> 50 | EZ9: =+SUM(EA9/16)*100 -> 6.25 | FA9: No evalua | FB9: =+SUM(EC9/20)*100 -> 35 | FC9: No evalua | FD9: =+SUM(EE9/24)*100 -> 16.666667 | FE9: =+SUM(EF9/16)*100 -> 0 | FF9: =+SUM(EG9/24)*100 -> 0 | FG9: =+SUM(EH9/120)*100 -> 15 | FH9: =+SUM(EI9/72)*100 -> 23.611111 | FI9: =+SUM(EJ9/156)*100 -> 22.435897 | FJ9: =+SUM(EK9/40)*100 -> 0 | FK9: =+SUM(EL9/388)*100 -> 18.041237 | FM9: =EL9+'EXTRALABORAL B '!BH57 -> 86 | FN9: =+(FM9/512)*100 -> 16.796875
A10: 7 | B10: Jorge Enrique Tovar Ortiz | C10: 7690408 | D10: m | E10: 1971 | F10: Casado (a) | G10: TECNICO / TECNOLOGICO COMPLETO | H10: TECNICO EN SERVICIOS FARMACEUTICOS | I10: Neiva - Huila | J10: 2 | K10: En arriendo | L10: 2 | M10: Neiva - Huila | N10: 2 años | O10: Auxiliar de almacen | P10: Auxiliar, asistente , administrativo, asistente tecnico | Q10: 2 años | R10: Almacen | S10: Termino Indefinido | T10: 8 | U10: Fijo | V10: 1 | W10: 1 | X10: 2 | Y10: 1 | Z10: 0 | AA10: 1 | AB10: 1 | AC10: 1 | AD10: 0 | AE10: 0 | AF10: 0 | AG10: 1 | AH10: 0 | AI10: 0 | AJ10: 0 | AK10: 2 | AL10: 4 | AM10: 3 | AN10: 1 | AO10: 2 | AP10: 0 | AQ10: 0 | AR10: 0 | AS10: 0 | AT10: 1 | AU10: 0 | AV10: 0 | AW10: 0 | AX10: 2 | AY10: 2 | AZ10: 1 | BA10: 2 | BB10: 0 | BC10: 2 | BD10: 2 | BE10: 2 | BF10: 0 | BG10: 2 | BH10: 2 | BI10: 2 | BJ10: 3 | BK10: 3 | BL10: 3 | BM10: 2 | BN10: 2 | BO10: 0 | BP10: 1 | BQ10: 0 | BR10: 3 | BS10: 2 | BT10: 4 | BU10: 4 | BV10: 4 | BW10: 4 | BX10: 4 | BY10: 4 | BZ10: 1 | CA10: 1 | CB10: 2 | CC10: 1 | CD10: 2 | CE10: 2 | CF10: 1 | CG10: 3 | CH10: 2 | CI10: 2 | CJ10: 2 | CK10: 4 | CL10: 2 | CM10: 2 | CN10: 2 | CO10: 3 | CP10: 3 | CQ10: 4 | CR10: 4 | CS10: 4 | CT10: 4 | CU10: 4 | CV10: 0 | CW10: 0 | CX10: 0 | CY10: 0 | CZ10: 0 | DA10: 0 | DB10: 0 | DC10: 0 | DD10: 0 | DE10: 0 | DF10: 0 | DG10: 0 | DH10: 0 | DI10: 0 | DJ10: 0 | DK10: 0 | DL10: 0 | DM10: 0 | DN10: 0 | DO10: =+SUM(BR10:CD10) -> 36 | DP10: =+SUM(CE10:CP10) -> 28 | DQ10: =+SUM(CQ10:CU10) -> 20 | DR10: No aplica | DS10: =+SUM(BJ10:BN10) -> 13 | DT10: =+SUM(BO10:BQ10) -> 1 | DU10: =+SUM(BG10:BI10) -> 6 | DV10: =+SUM(AX10:BA10) -> 7 | DW10: =+SUM(BC10:BE10) -> 6 | DX10: =+SUM(V10:AG10) -> 9 | DY10: =+SUM(DF10:DN10) -> 0 | DZ10: =+SUM(AH10:AJ10) -> 0 | EA10: =+SUM(AT10:AW10) -> 1 | EB10: No evalua | EC10: =+SUM(AK10:AO10) -> 12 | ED10: No evalua | EE10: =+SUM(AP10+AQ10+AR10+AS10+BB10+BF10) -> 0 | EF10: =+SUM(DB10:DE10) -> 0 | EG10: =+SUM(CV10:DA10) -> 0 | EH10: =+SUM(DO10:DQ10) -> 84 | EI10: =+SUM(DS10:DW10) -> 33 | EJ10: =+SUM(DX10:EE10) -> 22 | EK10: =+SUM(EF10:EG10) -> 0 | EL10: =+SUM(EH10:EK10) -> 139 | EN10: =+SUM(DO10/52)*100 -> 69.230769 | EO10: =+SUM(DP10/48)*100 -> 58.333333 | EP10: =+SUM(DQ10/20)*100 -> 100 | EQ10: No aplica | ER10: =+SUM(DS10/20)*100 -> 65 | ES10: =+SUM(DT10/12)*100 -> 8.3333333 | ET10: =+SUM(DU10/12)*100 -> 50 | EU10: =+SUM(DV10/16)*100 -> 43.75 | EV10: =+SUM(DW10/12)*100 -> 50 | EW10: =+SUM(DX10/48)*100 -> 18.75 | EX10: =+SUM(DY10/36)*100 -> 0 | EY10: =+SUM(DZ10/12)*100 -> 0 | EZ10: =+SUM(EA10/16)*100 -> 6.25 | FA10: No evalua | FB10: =+SUM(EC10/20)*100 -> 60 | FC10: No evalua | FD10: =+SUM(EE10/24)*100 -> 0 | FE10: =+SUM(EF10/16)*100 -> 0 | FF10: =+SUM(EG10/24)*100 -> 0 | FG10: =+SUM(EH10/120)*100 -> 70 | FH10: =+SUM(EI10/72)*100 -> 45.833333 | FI10: =+SUM(EJ10/156)*100 -> 14.102564 | FJ10: =+SUM(EK10/40)*100 -> 0 | FK10: =+SUM(EL10/388)*100 -> 35.824742 | FM10: =EL10+'EXTRALABORAL B '!BH58 -> 210 | FN10: =+(FM10/512)*100 -> 41.015625
A11: 8 | B11: Viviana Lozano | C11: 1075233572 | D11: f | E11: 1989 | F11: Soltero (a) | G11: tECNICO / TECNOLOGICO COMPLETO | H11: ALMACENISTA | I11: Neiva - Huila | J11: 2 | K11: Propia | L11: 1 | M11: Neiva - Huila | N11: Temporal de 1 año o mas | O11: Almacenista | P11: Auxiliar, asistente , administrativo, asistente tecnico | Q11: Mas de 1 año | R11: Almacen | S11: Temporal de 1 año o mas | T11: 8 | U11: Fijo | V11: 2 | W11: 2 | X11: 0 | Y11: 0 | Z11: 0 | AA11: 2 | AB11: 2 | AC11: 1 | AD11: 1 | AE11: 0 | AF11: 2 | AG11: 0 | AH11: 2 | AI11: 2 | AJ11: 2 | AK11: 3 | AL11: 4 | AM11: 4 | AN11: 3 | AO11: 4 | AP11: 2 | AQ11: 2 | AR11: 1 | AS11: 3 | AT11: 2 | AU11: 0 | AV11: 2 | AW11: 2 | AX11: 2 | AY11: 2 | AZ11: 2 | BA11: 0 | BB11: 2 | BC11: 4 | BD11: 2 | BE11: 2 | BF11: 2 | BG11: 1 | BH11: 1 | BI11: 2 | BJ11: 1 | BK11: 2 | BL11: 2 | BM11: 1 | BN11: 0 | BO11: 0 | BP11: 0 | BQ11: 0 | BR11: 1 | BS11: 2 | BT11: 2 | BU11: 2 | BV11: 2 | BW11: 1 | BX11: 2 | BY11: 2 | BZ11: 1 | CA11: 0 | CB11: 1 | CC11: 1 | CD11: 0 | CE11: 2 | CF11: 1 | CG11: 0 | CH11: 0 | CI11: 0 | CJ11: 0 | CK11: 2 | CL11: 0 | CM11: 2 | CN11: 2 | CO11: 2 | CP11: 2 | CQ11: 3 | CR11: 2 | CS11: 2 | CT11: 0 | CU11: 2 | CV11: 0 | CW11: 0 | CX11: 1 | CY11: 2 | CZ11: 1 | DA11: 2 | DB11: 0 | DC11: 0 | DD11: 0 | DE11: 2 | DF11: 2 | DG11: 0 | DH11: 0 | DI11: 2 | DJ11: 0 | DK11: 0 | DL11: 0 | DM11: 0 | DN11: 4 | DO11: =+SUM(BR11:CD11) -> 17 | DP11: =+SUM(CE11:CP11) -> 13 | DQ11: =+SUM(CQ11:CU11) -> 9 | DR11: No aplica | DS11: =+SUM(BJ11:BN11) -> 6 | DT11: =+SUM(BO11:BQ11) -> 0 | DU11: =+SUM(BG11:BI11) -> 4 | DV11: =+SUM(AX11:BA11) -> 6 | DW11: =+SUM(BC11:BE11) -> 8 | DX11: =+SUM(V11:AG11) -> 12 | DY11: =+SUM(DF11:DN11) -> 8 | DZ11: =+SUM(AH11:AJ11) -> 6 | EA11: =+SUM(AT11:AW11) -> 6 | EB11: No evalua | EC11: =+SUM(AK11:AO11) -> 18 | ED11: No evalua | EE11: =+SUM(AP11+AQ11+AR11+AS11+BB11+BF11) -> 12 | EF11: =+SUM(DB11:DE11) -> 2 | EG11: =+SUM(CV11:DA11) -> 6 | EH11: =+SUM(DO11:DQ11) -> 39 | EI11: =+SUM(DS11:DW11) -> 24 | EJ11: =+SUM(DX11:EE11) -> 62 | EK11: =+SUM(EF11:EG11) -> 8 | EL11: =+SUM(EH11:EK11) -> 133 | EN11: =+SUM(DO11/52)*100 -> 32.692308 | EO11: =+SUM(DP11/48)*100 -> 27.083333 | EP11: =+SUM(DQ11/20)*100 -> 45 | EQ11: No aplica | ER11: =+SUM(DS11/20)*100 -> 30 | ES11: =+SUM(DT11/12)*100 -> 0 | ET11: =+SUM(DU11/12)*100 -> 33.333333 | EU11: =+SUM(DV11/16)*100 -> 37.5 | EV11: =+SUM(DW11/12)*100 -> 66.666667 | EW11: =+SUM(DX11/48)*100 -> 25 | EX11: =+SUM(DY11/36)*100 -> 22.222222 | EY11: =+SUM(DZ11/12)*100 -> 50 | EZ11: =+SUM(EA11/16)*100 -> 37.5 | FA11: No evalua | FB11: =+SUM(EC11/20)*100 -> 90 | FC11: No evalua | FD11: =+SUM(EE11/24)*100 -> 50 | FE11: =+SUM(EF11/16)*100 -> 12.5 | FF11: =+SUM(EG11/24)*100 -> 25 | FG11: =+SUM(EH11/120)*100 -> 32.5 | FH11: =+SUM(EI11/72)*100 -> 33.333333 | FI11: =+SUM(EJ11/156)*100 -> 39.74359 | FJ11: =+SUM(EK11/40)*100 -> 20 | FK11: =+SUM(EL11/388)*100 -> 34.278351 | FM11: =EL11+'EXTRALABORAL B '!BH59 -> 155 | FN11: =+(FM11/512)*100 -> 30.273438
A12: 9 | B12: Claudia Marithza Rincon | C12: 1003827815 | D12: f | E12: 1988 | F12: Soltero (a) | G12: BACHILLERATO COMPLETO | H12: EMPLEADA | I12: Neiva - Huila | J12: 2 | K12: En arriendo | L12: 3 | M12: Neiva - Huila | N12: 2 años | O12: Auxiliar de servivios generales | P12: Operario Operador , ayudante, servicios generales | Q12: 2 años | R12: Huila- aseo | S12: Temporal de 1 año o mas | T12: 8 | U12: Fijo | V12: 0 | W12: 1 | X12: 0 | Y12: 0 | Z12: 0 | AA12: 0 | AB12: 2 | AC12: 1 | AD12: 0 | AE12: 0 | AF12: 2 | AG12: 0 | AH12: 1 | AI12: 0 | AJ12: 1 | AK12: 0 | AL12: 1 | AM12: 0 | AN12: 0 | AO12: 2 | AP12: 0 | AQ12: 1 | AR12: 0 | AS12: 3 | AT12: 3 | AU12: 0 | AV12: 0 | AW12: 0 | AX12: 0 | AY12: 2 | AZ12: 3 | BA12: 1 | BB12: 1 | BC12: 0 | BD12: 0 | BE12: 0 | BF12: 1 | BG12: 1 | BH12: 1 | BI12: 2 | BJ12: 0 | BK12: 0 | BL12: 1 | BM12: 1 | BN12: 0 | BO12: 0 | BP12: 1 | BQ12: 1 | BR12: 1 | BS12: 1 | BT12: 2 | BU12: 2 | BV12: 1 | BW12: 2 | BX12: 2 | BY12: 1 | BZ12: 1 | CA12: 0 | CB12: 0 | CC12: 0 | CD12: 1 | CE12: 0 | CF12: 0 | CG12: 0 | CH12: 0 | CI12: 0 | CJ12: 1 | CK12: 1 | CL12: 0 | CM12: 1 | CN12: 1 | CO12: 1 | CP12: 0 | CQ12: 1 | CR12: 1 | CS12: 1 | CT12: 0 | CU12: 0 | CV12: 0 | CW12: 0 | CX12: 0 | CY12: 0 | CZ12: 0 | DA12: 0 | DB12: 1 | DC12: 1 | DD12: 0 | DE12: 0 | DF12: 0 | DG12: 0 | DH12: 0 | DI12: 0 | DJ12: 0 | DK12: 0 | DL12: 0 | DM12: 0 | DN12: 0 | DO12: =+SUM(BR12:CD12) -> 14 | DP12: =+SUM(CE12:CP12) -> 5 | DQ12: =+SUM(CQ12:CU12) -> 3 | DR12: No aplica | DS12: =+SUM(BJ12:BN12) -> 2 | DT12: =+SUM(BO12:BQ12) -> 2 | DU12: =+SUM(BG12:BI12) -> 4 | DV12: =+SUM(AX12:BA12) -> 6 | DW12: =+SUM(BC12:BE12) -> 0 | DX12: =+SUM(V12:AG12) -> 6 | DY12: =+SUM(DF12:DN12) -> 0 | DZ12: =+SUM(AH12:AJ12) -> 2 | EA12: =+SUM(AT12:AW12) -> 3 | EB12: No evalua | EC12: =+SUM(AK12:AO12) -> 3 | ED12: No evalua | EE12: =+SUM(AP12+AQ12+AR12+AS12+BB12+BF12) -> 6 | EF12: =+SUM(DB12:DE12) -> 2 | EG12: =+SUM(CV12:DA12) -> 0 | EH12: =+SUM(DO12:DQ12) -> 22 | EI12: =+SUM(DS12:DW12) -> 14 | EJ12: =+SUM(DX12:EE12) -> 20 | EK12: =+SUM(EF12:EG12) -> 2 | EL12: =+SUM(EH12:EK12) -> 58 | EN12: =+SUM(DO12/52)*100 -> 26.923077 | EO12: =+SUM(DP12/48)*100 -> 10.416667 | EP12: =+SUM(DQ12/20)*100 -> 15 | EQ12: No aplica | ER12: =+SUM(DS12/20)*100 -> 10 | ES12: =+SUM(DT12/12)*100 -> 16.666667 | ET12: =+SUM(DU12/12)*100 -> 33.333333 | EU12: =+SUM(DV12/16)*100 -> 37.5 | EV12: =+SUM(DW12/12)*100 -> 0 | EW12: =+SUM(DX12/48)*100 -> 12.5 | EX12: =+SUM(DY12/36)*100 -> 0 | EY12: =+SUM(DZ12/12)*100 -> 16.666667 | EZ12: =+SUM(EA12/16)*100 -> 18.75 | FA12: No evalua | FB12: =+SUM(EC12/20)*100 -> 15 | FC12: No evalua | FD12: =+SUM(EE12/24)*100 -> 25 | FE12: =+SUM(EF12/16)*100 -> 12.5 | FF12: =+SUM(EG12/24)*100 -> 0 | FG12: =+SUM(EH12/120)*100 -> 18.333333 | FH12: =+SUM(EI12/72)*100 -> 19.444444 | FI12: =+SUM(EJ12/156)*100 -> 12.820513 | FJ12: =+SUM(EK12/40)*100 -> 5 | FK12: =+SUM(EL12/388)*100 -> 14.948454 | FM12: =EL12+'EXTRALABORAL B '!BH60 -> 90 | FN12: =+(FM12/512)*100 -> 17.578125
A13: 10 | B13: Hector Oswaldo | C13: 12125388 | D13: m | E13: 1964 | F13: Union Libre | G13: PROFESIONAL INCOMPLETO | H13: ASESOR COMERCIAL | I13: Neiva - Huila | J13: 2 | K13: En arriendo | L13: 1 | M13: Neiva - Huila | N13: Temporal de 1 año o mas | O13: Asesor Comercial | P13: Profesional, analista, tecnico, tecnologo | Q13: 3 años | R13: Comercial | S13: Temporal de menos de 1 año | T13: 8 | U13: Fijo | V13: 1 | W13: 0 | X13: 1 | Y13: 2 | Z13: 0 | AA13: 0 | AB13: 4 | AC13: 0 | AD13: 0 | AE13: 4 | AF13: 4 | AG13: 0 | AH13: 1 | AI13: 1 | AJ13: 0 | AK13: 3 | AL13: 4 | AM13: 4 | AN13: 4 | AO13: 4 | AP13: 2 | AQ13: 0 | AR13: 2 | AS13: 0 | AT13: 2 | AU13: 0 | AV13: 2 | AW13: 1 | AX13: 0 | AY13: 0 | AZ13: 0 | BA13: 0 | BB13: 0 | BC13: 0 | BD13: 0 | BE13: 0 | BF13: 0 | BG13: 1 | BH13: 0 | BI13: 2 | BJ13: 0 | BK13: 0 | BL13: 0 | BM13: 0 | BN13: 1 | BO13: 0 | BP13: 1 | BQ13: 2 | BR13: 1 | BS13: 0 | BT13: 0 | BU13: 2 | BV13: 1 | BW13: 0 | BX13: 0 | BY13: 0 | BZ13: 0 | CA13: 0 | CB13: 0 | CC13: 0 | CD13: 1 | CE13: 0 | CF13: 2 | CG13: 2 | CH13: 0 | CI13: 1 | CJ13: 3 | CK13: 2 | CL13: 2 | CM13: 2 | CN13: 2 | CO13: 1 | CP13: 0 | CQ13: 0 | CR13: 0 | CS13: 0 | CT13: 0 | CU13: 0 | CV13: 0 | CW13: 0 | CX13: 2 | CY13: 0 | CZ13: 0 | DA13: 0 | DB13: 0 | DC13: 0 | DD13: 0 | DE13: 0 | DF13: 2 | DG13: 4 | DH13: 2 | DI13: 4 | DJ13: 4 | DK13: 2 | DL13: 0 | DM13: 0 | DN13: 4 | DO13: =+SUM(BR13:CD13) -> 5 | DP13: =+SUM(CE13:CP13) -> 17 | DQ13: =+SUM(CQ13:CU13) -> 0 | DR13: No aplica | DS13: =+SUM(BJ13:BN13) -> 1 | DT13: =+SUM(BO13:BQ13) -> 3 | DU13: =+SUM(BG13:BI13) -> 3 | DV13: =+SUM(AX13:BA13) -> 0 | DW13: =+SUM(BC13:BE13) -> 0 | DX13: =+SUM(V13:AG13) -> 16 | DY13: =+SUM(DF13:DN13) -> 22 | DZ13: =+SUM(AH13:AJ13) -> 2 | EA13: =+SUM(AT13:AW13) -> 5 | EB13: No evalua | EC13: =+SUM(AK13:AO13) -> 19 | ED13: No evalua | EE13: =+SUM(AP13+AQ13+AR13+AS13+BB13+BF13) -> 4 | EF13: =+SUM(DB13:DE13) -> 0 | EG13: =+SUM(CV13:DA13) -> 2 | EH13: =+SUM(DO13:DQ13) -> 22 | EI13: =+SUM(DS13:DW13) -> 7 | EJ13: =+SUM(DX13:EE13) -> 68 | EK13: =+SUM(EF13:EG13) -> 2 | EL13: =+SUM(EH13:EK13) -> 99 | EN13: =+SUM(DO13/52)*100 -> 9.6153846 | EO13: =+SUM(DP13/48)*100 -> 35.416667 | EP13: =+SUM(DQ13/20)*100 -> 0 | EQ13: No aplica | ER13: =+SUM(DS13/20)*100 -> 5 | ES13: =+SUM(DT13/12)*100 -> 25 | ET13: =+SUM(DU13/12)*100 -> 25 | EU13: =+SUM(DV13/16)*100 -> 0 | EV13: =+SUM(DW13/12)*100 -> 0 | EW13: =+SUM(DX13/48)*100 -> 33.333333 | EX13: =+SUM(DY13/36)*100 -> 61.111111 | EY13: =+SUM(DZ13/12)*100 -> 16.666667 | EZ13: =+SUM(EA13/16)*100 -> 31.25 | FA13: No evalua | FB13: =+SUM(EC13/20)*100 -> 95 | FC13: No evalua | FD13: =+SUM(EE13/24)*100 -> 16.666667 | FE13: =+SUM(EF13/16)*100 -> 0 | FF13: =+SUM(EG13/24)*100 -> 8.3333333 | FG13: =+SUM(EH13/120)*100 -> 18.333333 | FH13: =+SUM(EI13/72)*100 -> 9.7222222 | FI13: =+SUM(EJ13/156)*100 -> 43.589744 | FJ13: =+SUM(EK13/40)*100 -> 5 | FK13: =+SUM(EL13/388)*100 -> 25.515464 | FM13: =EL13+'EXTRALABORAL B '!BH61 -> 113 | FN13: =+(FM13/512)*100 -> 22.070312
A14: 11 | B14: Juan Pablo Cordoba | C14: 1075310963 | D14: m | E14: 1998 | F14: Soltero (a) | G14: TECNICO / TECNOLOGICO COMPLETO | H14: AUXILIAR DE ALMACEN | I14: Neiva - Huila | J14: 2 | K14: Familiar | L14: 1 | M14: Neiva - Huila | N14: Temporal de 1 año o mas | O14: Auxiliar de almacen | P14: Auxiliar, asistente , administrativo, asistente tecnico | Q14: Menos de 1 año | R14: Almacen | S14: Temporal de 1 año o mas | T14: 8 | U14: Fijo | V14: 0 | W14: 0 | X14: 2 | Y14: 0 | Z14: 0 | AA14: 0 | AB14: 3 | AC14: 4 | AD14: 0 | AE14: 2 | AF14: 4 | AG14: 0 | AH14: 1 | AI14: 2 | AJ14: 1 | AK14: 3 | AL14: 4 | AM14: 4 | AN14: 1 | AO14: 4 | AP14: 0 | AQ14: 3 | AR14: 0 | AS14: 0 | AT14: 3 | AU14: 1 | AV14: 1 | AW14: 3 | AX14: 2 | AY14: 1 | AZ14: 1 | BA14: 1 | BB14: 1 | BC14: 2 | BD14: 2 | BE14: 1 | BF14: 2 | BG14: 0 | BH14: 0 | BI14: 3 | BJ14: 1 | BK14: 1 | BL14: 0 | BM14: 0 | BN14: 1 | BO14: 0 | BP14: 1 | BQ14: 1 | BR14: 2 | BS14: 2 | BT14: 3 | BU14: 3 | BV14: 2 | BW14: 2 | BX14: 2 | BY14: 2 | BZ14: 2 | CA14: 1 | CB14: 3 | CC14: 3 | CD14: 3 | CE14: 1 | CF14: 2 | CG14: 4 | CH14: 2 | CI14: 0 | CJ14: 2 | CK14: 0 | CL14: 0 | CM14: 1 | CN14: 2 | CO14: 1 | CP14: 3 | CQ14: 3 | CR14: 2 | CS14: 3 | CT14: 4 | CU14: 4 | CV14: 0 | CW14: 0 | CX14: 1 | CY14: 1 | CZ14: 2 | DA14: 1 | DB14: 0 | DC14: 1 | DD14: 0 | DE14: 0 | DF14: 2 | DG14: 2 | DH14: 0 | DI14: 0 | DJ14: 0 | DK14: 0 | DL14: 0 | DM14: 0 | DN14: 4 | DO14: =+SUM(BR14:CD14) -> 30 | DP14: =+SUM(CE14:CP14) -> 18 | DQ14: =+SUM(CQ14:CU14) -> 16 | DR14: No aplica | DS14: =+SUM(BJ14:BN14) -> 3 | DT14: =+SUM(BO14:BQ14) -> 2 | DU14: =+SUM(BG14:BI14) -> 3 | DV14: =+SUM(AX14:BA14) -> 5 | DW14: =+SUM(BC14:BE14) -> 5 | DX14: =+SUM(V14:AG14) -> 15 | DY14: =+SUM(DF14:DN14) -> 8 | DZ14: =+SUM(AH14:AJ14) -> 4 | EA14: =+SUM(AT14:AW14) -> 8 | EB14: No evalua | EC14: =+SUM(AK14:AO14) -> 16 | ED14: No evalua | EE14: =+SUM(AP14+AQ14+AR14+AS14+BB14+BF14) -> 6 | EF14: =+SUM(DB14:DE14) -> 1 | EG14: =+SUM(CV14:DA14) -> 5 | EH14: =+SUM(DO14:DQ14) -> 64 | EI14: =+SUM(DS14:DW14) -> 18 | EJ14: =+SUM(DX14:EE14) -> 57 | EK14: =+SUM(EF14:EG14) -> 6 | EL14: =+SUM(EH14:EK14) -> 145 | EN14: =+SUM(DO14/52)*100 -> 57.692308 | EO14: =+SUM(DP14/48)*100 -> 37.5 | EP14: =+SUM(DQ14/20)*100 -> 80 | EQ14: No aplica | ER14: =+SUM(DS14/20)*100 -> 15 | ES14: =+SUM(DT14/12)*100 -> 16.666667 | ET14: =+SUM(DU14/12)*100 -> 25 | EU14: =+SUM(DV14/16)*100 -> 31.25 | EV14: =+SUM(DW14/12)*100 -> 41.666667 | EW14: =+SUM(DX14/48)*100 -> 31.25 | EX14: =+SUM(DY14/36)*100 -> 22.222222 | EY14: =+SUM(DZ14/12)*100 -> 33.333333 | EZ14: =+SUM(EA14/16)*100 -> 50 | FA14: No evalua | FB14: =+SUM(EC14/20)*100 -> 80 | FC14: No evalua | FD14: =+SUM(EE14/24)*100 -> 25 | FE14: =+SUM(EF14/16)*100 -> 6.25 | FF14: =+SUM(EG14/24)*100 -> 20.833333 | FG14: =+SUM(EH14/120)*100 -> 53.333333 | FH14: =+SUM(EI14/72)*100 -> 25 | FI14: =+SUM(EJ14/156)*100 -> 36.538462 | FJ14: =+SUM(EK14/40)*100 -> 15 | FK14: =+SUM(EL14/388)*100 -> 37.371134 | FM14: =EL14+'EXTRALABORAL B '!BH62 -> 151 | FN14: =+(FM14/512)*100 -> 29.492188
A15: 12 | B15: Daniela Castro Hernandez | C15: 1007717112 | D15: f | E15: 2000 | F15: Union Libre | G15: PROFESIONAL INCOMPLETO | H15: TECNICO ADMINISTRATIVA | I15: Neiva - Huila | J15: 3 | K15: En arriendo | L15: 0 | M15: Neiva - Huila | N15: Temporal de 1 año o mas | O15: Asistente Administrativa y Comercial | P15: Auxiliar, asistente , administrativo, asistente tecnico | Q15: 1 año | R15: Comercial | S15: Temporal de 1 año o mas | T15: 8 | U15: Fijo | V15: 0 | W15: 0 | X15: 1 | Y15: 0 | Z15: 0 | AA15: 0 | AB15: 2 | AC15: 0 | AD15: 0 | AE15: 2 | AF15: 1 | AG15: 0 | AH15: 1 | AI15: 3 | AJ15: 0 | AK15: 3 | AL15: 4 | AM15: 3 | AN15: 4 | AO15: 4 | AP15: 0 | AQ15: 4 | AR15: 0 | AS15: 3 | AT15: 0 | AU15: 0 | AV15: 0 | AW15: 0 | AX15: 0 | AY15: 0 | AZ15: 0 | BA15: 0 | BB15: 0 | BC15: 1 | BD15: 1 | BE15: 0 | BF15: 2 | BG15: 0 | BH15: 0 | BI15: 0 | BJ15: 0 | BK15: 0 | BL15: 0 | BM15: 0 | BN15: 0 | BO15: 0 | BP15: 0 | BQ15: 0 | BR15: 0 | BS15: 0 | BT15: 0 | BU15: 0 | BV15: 0 | BW15: 0 | BX15: 0 | BY15: 0 | BZ15: 0 | CA15: 0 | CB15: 0 | CC15: 0 | CD15: 0 | CE15: 0 | CF15: 0 | CG15: 0 | CH15: 0 | CI15: 0 | CJ15: 1 | CK15: 1 | CL15: 0 | CM15: 0 | CN15: 0 | CO15: 0 | CP15: 0 | CQ15: 0 | CR15: 0 | CS15: 0 | CT15: 0 | CU15: 0 | CV15: 0 | CW15: 0 | CX15: 0 | CY15: 0 | CZ15: 0 | DA15: 0 | DB15: 0 | DC15: 0 | DD15: 0 | DE15: 0 | DF15: 2 | DG15: 1 | DH15: 1 | DI15: 0 | DJ15: 0 | DK15: 1 | DL15: 0 | DM15: 0 | DN15: 4 | DO15: =+SUM(BR15:CD15) -> 0 | DP15: =+SUM(CE15:CP15) -> 2 | DQ15: =+SUM(CQ15:CU15) -> 0 | DR15: No aplica | DS15: =+SUM(BJ15:BN15) -> 0 | DT15: =+SUM(BO15:BQ15) -> 0 | DU15: =+SUM(BG15:BI15) -> 0 | DV15: =+SUM(AX15:BA15) -> 0 | DW15: =+SUM(BC15:BE15) -> 2 | DX15: =+SUM(V15:AG15) -> 6 | DY15: =+SUM(DF15:DN15) -> 9 | DZ15: =+SUM(AH15:AJ15) -> 4 | EA15: =+SUM(AT15:AW15) -> 0 | EB15: No evalua | EC15: =+SUM(AK15:AO15) -> 18 | ED15: No evalua | EE15: =+SUM(AP15+AQ15+AR15+AS15+BB15+BF15) -> 9 | EF15: =+SUM(DB15:DE15) -> 0 | EG15: =+SUM(CV15:DA15) -> 0 | EH15: =+SUM(DO15:DQ15) -> 2 | EI15: =+SUM(DS15:DW15) -> 2 | EJ15: =+SUM(DX15:EE15) -> 46 | EK15: =+SUM(EF15:EG15) -> 0 | EL15: =+SUM(EH15:EK15) -> 50 | EN15: =+SUM(DO15/52)*100 -> 0 | EO15: =+SUM(DP15/48)*100 -> 4.1666667 | EP15: =+SUM(DQ15/20)*100 -> 0 | EQ15: No aplica | ER15: =+SUM(DS15/20)*100 -> 0 | ES15: =+SUM(DT15/12)*100 -> 0 | ET15: =+SUM(DU15/12)*100 -> 0 | EU15: =+SUM(DV15/16)*100 -> 0 | EV15: =+SUM(DW15/12)*100 -> 16.666667 | EW15: =+SUM(DX15/48)*100 -> 12.5 | EX15: =+SUM(DY15/36)*100 -> 25 | EY15: =+SUM(DZ15/12)*100 -> 33.333333 | EZ15: =+SUM(EA15/16)*100 -> 0 | FA15: No evalua | FB15: =+SUM(EC15/20)*100 -> 90 | FC15: No evalua | FD15: =+SUM(EE15/24)*100 -> 37.5 | FE15: =+SUM(EF15/16)*100 -> 0 | FF15: =+SUM(EG15/24)*100 -> 0 | FG15: =+SUM(EH15/120)*100 -> 1.6666667 | FH15: =+SUM(EI15/72)*100 -> 2.7777778 | FI15: =+SUM(EJ15/156)*100 -> 29.487179 | FJ15: =+SUM(EK15/40)*100 -> 0 | FK15: =+SUM(EL15/388)*100 -> 12.886598 | FM15: =EL15+'EXTRALABORAL B '!BH63 -> 89 | FN15: =+(FM15/512)*100 -> 17.382812
A16: 13 | B16: Diva Cristina Suarez | C16: 1075222642 | D16: f | E16: 1987 | F16: Divorciado (a) | G16: TECNICO / TECNOLOGICO COMPLETO | H16: TECNICO ADMINISTRATIVA | I16: Neiva - Huila | J16: 2 | K16: Propia | L16: 2 | M16: Neiva - Huila | N16: Temporal de 1 año o mas | O16: Ventas- comercial | P16: Auxiliar, asistente , administrativo, asistente tecnico | Q16: 1 año | R16: Comercial | S16: Temporal de 1 año o mas | T16: 8 | U16: Fijo | V16: 1 | W16: 2 | X16: 1 | Y16: 1 | Z16: 0 | AA16: 0 | AB16: 0 | AC16: 1 | AD16: 0 | AE16: 0 | AF16: 1 | AG16: 0 | AH16: 2 | AI16: 1 | AJ16: 2 | AK16: 2 | AL16: 4 | AM16: 3 | AN16: 4 | AO16: 4 | AP16: 2 | AQ16: 3 | AR16: 0 | AS16: 0 | AT16: 2 | AU16: 1 | AV16: 3 | AW16: 4 | AX16: 2 | AY16: 2 | AZ16: 0 | BA16: 2 | BB16: 1 | BC16: 3 | BD16: 2 | BE16: 2 | BF16: 0 | BG16: 1 | BH16: 2 | BI16: 2 | BJ16: 1 | BK16: 0 | BL16: 1 | BM16: 1 | BN16: 0 | BO16: 0 | BP16: 1 | BQ16: 1 | BR16: 2 | BS16: 3 | BT16: 2 | BU16: 2 | BV16: 1 | BW16: 1 | BX16: 0 | BY16: 1 | BZ16: 1 | CA16: 1 | CB16: 1 | CC16: 1 | CD16: 1 | CE16: 1 | CF16: 1 | CG16: 1 | CH16: 2 | CI16: 1 | CJ16: 1 | CK16: 1 | CL16: 0 | CM16: 1 | CN16: 1 | CO16: 1 | CP16: 1 | CQ16: 2 | CR16: 3 | CS16: 2 | CT16: 2 | CU16: 2 | CV16: 0 | CW16: 0 | CX16: 1 | CY16: 2 | CZ16: 2 | DA16: 1 | DB16: 0 | DC16: 0 | DD16: 0 | DE16: 0 | DF16: 2 | DG16: 2 | DH16: 0 | DI16: 1 | DJ16: 0 | DK16: 1 | DL16: 1 | DM16: 1 | DN16: 4 | DO16: =+SUM(BR16:CD16) -> 17 | DP16: =+SUM(CE16:CP16) -> 12 | DQ16: =+SUM(CQ16:CU16) -> 11 | DR16: No aplica | DS16: =+SUM(BJ16:BN16) -> 3 | DT16: =+SUM(BO16:BQ16) -> 2 | DU16: =+SUM(BG16:BI16) -> 5 | DV16: =+SUM(AX16:BA16) -> 6 | DW16: =+SUM(BC16:BE16) -> 7 | DX16: =+SUM(V16:AG16) -> 7 | DY16: =+SUM(DF16:DN16) -> 12 | DZ16: =+SUM(AH16:AJ16) -> 5 | EA16: =+SUM(AT16:AW16) -> 10 | EB16: No evalua | EC16: =+SUM(AK16:AO16) -> 17 | ED16: No evalua | EE16: =+SUM(AP16+AQ16+AR16+AS16+BB16+BF16) -> 6 | EF16: =+SUM(DB16:DE16) -> 0 | EG16: =+SUM(CV16:DA16) -> 6 | EH16: =+SUM(DO16:DQ16) -> 40 | EI16: =+SUM(DS16:DW16) -> 23 | EJ16: =+SUM(DX16:EE16) -> 57 | EK16: =+SUM(EF16:EG16) -> 6 | EL16: =+SUM(EH16:EK16) -> 126 | EN16: =+SUM(DO16/52)*100 -> 32.692308 | EO16: =+SUM(DP16/48)*100 -> 25 | EP16: =+SUM(DQ16/20)*100 -> 55 | EQ16: No aplica | ER16: =+SUM(DS16/20)*100 -> 15 | ES16: =+SUM(DT16/12)*100 -> 16.666667 | ET16: =+SUM(DU16/12)*100 -> 41.666667 | EU16: =+SUM(DV16/16)*100 -> 37.5 | EV16: =+SUM(DW16/12)*100 -> 58.333333 | EW16: =+SUM(DX16/48)*100 -> 14.583333 | EX16: =+SUM(DY16/36)*100 -> 33.333333 | EY16: =+SUM(DZ16/12)*100 -> 41.666667 | EZ16: =+SUM(EA16/16)*100 -> 62.5 | FA16: No evalua | FB16: =+SUM(EC16/20)*100 -> 85 | FC16: No evalua | FD16: =+SUM(EE16/24)*100 -> 25 | FE16: =+SUM(EF16/16)*100 -> 0 | FF16: =+SUM(EG16/24)*100 -> 25 | FG16: =+SUM(EH16/120)*100 -> 33.333333 | FH16: =+SUM(EI16/72)*100 -> 31.944444 | FI16: =+SUM(EJ16/156)*100 -> 36.538462 | FJ16: =+SUM(EK16/40)*100 -> 15 | FK16: =+SUM(EL16/388)*100 -> 32.474227 | FM16: =EL16+'EXTRALABORAL B '!BH64 -> 133 | FN16: =+(FM16/512)*100 -> 25.976562
A17: 14 | B17: Jesus Andres Sanchez | C17: 88031940 | D17: m | E17: 1982 | F17: Casado (a) | G17: POSGRADO COMPLETO | H17: BACTERIOLOGO | I17: Neiva - Huila | J17: 3 | K17: Familiar | L17: 1 | M17: Neiva - Huila | N17: 8 años | O17: Asesor comercial - Técnico Cientifico | P17: Profesional, analista, técnico, tecnólogo | Q17: 8 años | R17: Comercial | S17: Termino Indefinido | T17: 8 | U17: Fijo | V17: 0 | W17: 0 | X17: 2 | Y17: 1 | Z17: 0 | AA17: 0 | AB17: 2 | AC17: 1 | AD17: 1 | AE17: 2 | AF17: 2 | AG17: 1 | AH17: 2 | AI17: 1 | AJ17: 1 | AK17: 2 | AL17: 3 | AM17: 3 | AN17: 2 | AO17: 4 | AP17: 2 | AQ17: 1 | AR17: 2 | AS17: 1 | AT17: 2 | AU17: 0 | AV17: 2 | AW17: 1 | AX17: 1 | AY17: 0 | AZ17: 0 | BA17: 0 | BB17: 0 | BC17: 1 | BD17: 1 | BE17: 2 | BF17: 2 | BG17: 1 | BH17: 0 | BI17: 1 | BJ17: 0 | BK17: 0 | BL17: 0 | BM17: 0 | BN17: 0 | BO17: 0 | BP17: 0 | BQ17: 0 | BR17: 0 | BS17: 1 | BT17: 1 | BU17: 1 | BV17: 0 | BW17: 0 | BX17: 0 | BY17: 0 | BZ17: 1 | CA17: 0 | CB17: 0 | CC17: 0 | CD17: 0 | CE17: 1 | CF17: 0 | CG17: 1 | CH17: 1 | CI17: 0 | CJ17: 1 | CK17: 2 | CL17: 0 | CM17: 1 | CN17: 0 | CO17: 1 | CP17: 1 | CQ17: 1 | CR17: 2 | CS17: 1 | CT17: 1 | CU17: 2 | CV17: 0 | CW17: 0 | CX17: 0 | CY17: 0 | CZ17: 1 | DA17: 1 | DB17: 0 | DC17: 0 | DD17: 0 | DE17: 0 | DF17: 2 | DG17: 3 | DH17: 1 | DI17: 1 | DJ17: 3 | DK17: 1 | DL17: 0 | DM17: 0 | DN17: 3 | DO17: =+SUM(BR17:CD17) -> 4 | DP17: =+SUM(CE17:CP17) -> 9 | DQ17: =+SUM(CQ17:CU17) -> 7 | DR17: No aplica | DS17: =+SUM(BJ17:BN17) -> 0 | DT17: =+SUM(BO17:BQ17) -> 0 | DU17: =+SUM(BG17:BI17) -> 2 | DV17: =+SUM(AX17:BA17) -> 1 | DW17: =+SUM(BC17:BE17) -> 4 | DX17: =+SUM(V17:AG17) -> 12 | DY17: =+SUM(DF17:DN17) -> 14 | DZ17: =+SUM(AH17:AJ17) -> 4 | EA17: =+SUM(AT17:AW17) -> 5 | EB17: No evalua | EC17: =+SUM(AK17:AO17) -> 14 | ED17: No evalua | EE17: =+SUM(AP17+AQ17+AR17+AS17+BB17+BF17) -> 8 | EF17: =+SUM(DB17:DE17) -> 0 | EG17: =+SUM(CV17:DA17) -> 2 | EH17: =+SUM(DO17:DQ17) -> 20 | EI17: =+SUM(DS17:DW17) -> 7 | EJ17: =+SUM(DX17:EE17) -> 57 | EK17: =+SUM(EF17:EG17) -> 2 | EL17: =+SUM(EH17:EK17) -> 86 | EN17: =+SUM(DO17/52)*100 -> 7.6923077 | EO17: =+SUM(DP17/48)*100 -> 18.75 | EP17: =+SUM(DQ17/20)*100 -> 35 | EQ17: No aplica | ER17: =+SUM(DS17/20)*100 -> 0 | ES17: =+SUM(DT17/12)*100 -> 0 | ET17: =+SUM(DU17/12)*100 -> 16.666667 | EU17: =+SUM(DV17/16)*100 -> 6.25 | EV17: =+SUM(DW17/12)*100 -> 33.333333 | EW17: =+SUM(DX17/48)*100 -> 25 | EX17: =+SUM(DY17/36)*100 -> 38.888889 | EY17: =+SUM(DZ17/12)*100 -> 33.333333 | EZ17: =+SUM(EA17/16)*100 -> 31.25 | FA17: No evalua | FB17: =+SUM(EC17/20)*100 -> 70 | FC17: No evalua | FD17: =+SUM(EE17/24)*100 -> 33.333333 | FE17: =+SUM(EF17/16)*100 -> 0 | FF17: =+SUM(EG17/24)*100 -> 8.3333333 | FG17: =+SUM(EH17/120)*100 -> 16.666667 | FH17: =+SUM(EI17/72)*100 -> 9.7222222 | FI17: =+SUM(EJ17/156)*100 -> 36.538462 | FJ17: =+SUM(EK17/40)*100 -> 5 | FK17: =+SUM(EL17/388)*100 -> 22.164948 | FM17: =EL17+'EXTRALABORAL B '!BH65 -> 101 | FN17: =+(FM17/512)*100 -> 19.726562
A18: 15 | B18: Leonardo Penagos Cardozo | C18: 1075233459 | D18: m | E18: 1988 | F18: Union Libre | G18: PROFESIONAL COMPLETO | H18: INGENIERO ELECTRONICO | I18: Neiva - Huila | J18: 2 | K18: Familiar | L18: 3 | M18: Neiva - Huila | N18: 2 años | O18: ingeniero de mantenimiento biomedico | P18: Profesional, analista, técnico, tecnólogo | Q18: 2 años | R18: ingenieria | S18: Temporal de 1 año o mas | T18: 8 | U18: Fijo | V18: 0 | W18: 0 | X18: 0 | Y18: 0 | Z18: 0 | AA18: 0 | AB18: 2 | AC18: 2 | AD18: 1 | AE18: 3 | AF18: 1 | AG18: 0 | AH18: 3 | AI18: 2 | AJ18: 1 | AK18: 2 | AL18: 3 | AM18: 3 | AN18: 2 | AO18: 3 | AP18: 3 | AQ18: 2 | AR18: 0 | AS18: 3 | AT18: 1 | AU18: 4 | AV18: 1 | AW18: 2 | AX18: 4 | AY18: 3 | AZ18: 1 | BA18: 0 | BB18: 0 | BC18: 0 | BD18: 3 | BE18: 2 | BF18: 0 | BG18: 0 | BH18: 0 | BI18: 0 | BJ18: 0 | BK18: 0 | BL18: 0 | BM18: 0 | BN18: 0 | BO18: 0 | BP18: 0 | BQ18: 0 | BR18: 0 | BS18: 0 | BT18: 0 | BU18: 0 | BV18: 0 | BW18: 0 | BX18: 0 | BY18: 0 | BZ18: 0 | CA18: 1 | CB18: 0 | CC18: 0 | CD18: 0 | CE18: 0 | CF18: 0 | CG18: 0 | CH18: 0 | CI18: 0 | CJ18: 0 | CK18: 0 | CL18: 0 | CM18: 0 | CN18: 0 | CO18: 0 | CP18: 0 | CQ18: 0 | CR18: 0 | CS18: 0 | CT18: 1 | CU18: 0 | CV18: 0 | CW18: 0 | CX18: 1 | CY18: 2 | CZ18: 2 | DA18: 0 | DB18: 0 | DC18: 0 | DD18: 0 | DE18: 0 | DF18: 2 | DG18: 2 | DH18: 0 | DI18: 0 | DJ18: 0 | DK18: 0 | DL18: 0 | DM18: 0 | DN18: 4 | DO18: =+SUM(BR18:CD18) -> 1 | DP18: =+SUM(CE18:CP18) -> 0 | DQ18: =+SUM(CQ18:CU18) -> 1 | DR18: No aplica | DS18: =+SUM(BJ18:BN18) -> 0 | DT18: =+SUM(BO18:BQ18) -> 0 | DU18: =+SUM(BG18:BI18) -> 0 | DV18: =+SUM(AX18:BA18) -> 8 | DW18: =+SUM(BC18:BE18) -> 5 | DX18: =+SUM(V18:AG18) -> 9 | DY18: =+SUM(DF18:DN18) -> 8 | DZ18: =+SUM(AH18:AJ18) -> 6 | EA18: =+SUM(AT18:AW18) -> 8 | EB18: No evalua | EC18: =+SUM(AK18:AO18) -> 13 | ED18: No evalua | EE18: =+SUM(AP18+AQ18+AR18+AS18+BB18+BF18) -> 8 | EF18: =+SUM(DB18:DE18) -> 0 | EG18: =+SUM(CV18:DA18) -> 5 | EH18: =+SUM(DO18:DQ18) -> 2 | EI18: =+SUM(DS18:DW18) -> 13 | EJ18: =+SUM(DX18:EE18) -> 52 | EK18: =+SUM(EF18:EG18) -> 5 | EL18: =+SUM(EH18:EK18) -> 72 | EN18: =+SUM(DO18/52)*100 -> 1.9230769 | EO18: =+SUM(DP18/48)*100 -> 0 | EP18: =+SUM(DQ18/20)*100 -> 5 | EQ18: No aplica | ER18: =+SUM(DS18/20)*100 -> 0 | ES18: =+SUM(DT18/12)*100 -> 0 | ET18: =+SUM(DU18/12)*100 -> 0 | EU18: =+SUM(DV18/16)*100 -> 50 | EV18: =+SUM(DW18/12)*100 -> 41.666667 | EW18: =+SUM(DX18/48)*100 -> 18.75 | EX18: =+SUM(DY18/36)*100 -> 22.222222 | EY18: =+SUM(DZ18/12)*100 -> 50 | EZ18: =+SUM(EA18/16)*100 -> 50 | FA18: No evalua | FB18: =+SUM(EC18/20)*100 -> 65 | FC18: No evalua | FD18: =+SUM(EE18/24)*100 -> 33.333333 | FE18: =+SUM(EF18/16)*100 -> 0 | FF18: =+SUM(EG18/24)*100 -> 20.833333 | FG18: =+SUM(EH18/120)*100 -> 1.6666667 | FH18: =+SUM(EI18/72)*100 -> 18.055556 | FI18: =+SUM(EJ18/156)*100 -> 33.333333 | FJ18: =+SUM(EK18/40)*100 -> 12.5 | FK18: =+SUM(EL18/388)*100 -> 18.556701 | FM18: =EL18+'EXTRALABORAL B '!BH66 -> 106 | FN18: =+(FM18/512)*100 -> 20.703125
A19: 16 | D19: m | DO19: =+SUM(BR19:CD19) -> 0 | DP19: =+SUM(CE19:CP19) -> 0 | DQ19: =+SUM(CQ19:CU19) -> 0 | DR19: No aplica | DS19: =+SUM(BJ19:BN19) -> 0 | DT19: =+SUM(BO19:BQ19) -> 0 | DU19: =+SUM(BG19:BI19) -> 0 | DV19: =+SUM(AX19:BA19) -> 0 | DW19: =+SUM(BC19:BE19) -> 0 | DX19: =+SUM(V19:AG19) -> 0 | DY19: =+SUM(DF19:DN19) -> 0 | DZ19: =+SUM(AH19:AJ19) -> 0 | EA19: =+SUM(AT19:AW19) -> 0 | EB19: No evalua | EC19: =+SUM(AK19:AO19) -> 0 | ED19: No evalua | EE19: =+SUM(AP19+AQ19+AR19+AS19+BB19+BF19) -> 0 | EF19: =+SUM(DB19:DE19) -> 0 | EG19: =+SUM(CV19:DA19) -> 0 | EH19: =+SUM(DO19:DQ19) -> 0 | EI19: =+SUM(DS19:DW19) -> 0 | EJ19: =+SUM(DX19:EE19) -> 0 | EK19: =+SUM(EF19:EG19) -> 0 | EL19: =+SUM(EH19:EK19) -> 0 | EN19: =+SUM(DO19/52)*100 -> 0 | EO19: =+SUM(DP19/48)*100 -> 0 | EP19: =+SUM(DQ19/20)*100 -> 0 | EQ19: No aplica | ER19: =+SUM(DS19/20)*100 -> 0 | ES19: =+SUM(DT19/12)*100 -> 0 | ET19: =+SUM(DU19/12)*100 -> 0 | EU19: =+SUM(DV19/16)*100 -> 0 | EV19: =+SUM(DW19/12)*100 -> 0 | EW19: =+SUM(DX19/48)*100 -> 0 | EX19: =+SUM(DY19/36)*100 -> 0 | EY19: =+SUM(DZ19/12)*100 -> 0 | EZ19: =+SUM(EA19/16)*100 -> 0 | FA19: No evalua | FB19: =+SUM(EC19/20)*100 -> 0 | FC19: No evalua | FD19: =+SUM(EE19/24)*100 -> 0 | FE19: =+SUM(EF19/16)*100 -> 0 | FF19: =+SUM(EG19/24)*100 -> 0 | FG19: =+SUM(EH19/120)*100 -> 0 | FH19: =+SUM(EI19/72)*100 -> 0 | FI19: =+SUM(EJ19/156)*100 -> 0 | FJ19: =+SUM(EK19/40)*100 -> 0 | FK19: =+SUM(EL19/388)*100 -> 0 | FM19: =EL19+'EXTRALABORAL B '!BH67 -> 29 | FN19: =+(FM19/512)*100 -> 5.6640625
A20: 17 | D20: f | DO20: =+SUM(BR20:CD20) -> 0 | DP20: =+SUM(CE20:CP20) -> 0 | DQ20: =+SUM(CQ20:CU20) -> 0 | DR20: No aplica | DS20: =+SUM(BJ20:BN20) -> 0 | DT20: =+SUM(BO20:BQ20) -> 0 | DU20: =+SUM(BG20:BI20) -> 0 | DV20: =+SUM(AX20:BA20) -> 0 | DW20: =+SUM(BC20:BE20) -> 0 | DX20: =+SUM(V20:AG20) -> 0 | DY20: =+SUM(DF20:DN20) -> 0 | DZ20: =+SUM(AH20:AJ20) -> 0 | EA20: =+SUM(AT20:AW20) -> 0 | EB20: No evalua | EC20: =+SUM(AK20:AO20) -> 0 | ED20: No evalua | EE20: =+SUM(AP20+AQ20+AR20+AS20+BB20+BF20) -> 0 | EF20: =+SUM(DB20:DE20) -> 0 | EG20: =+SUM(CV20:DA20) -> 0 | EH20: =+SUM(DO20:DQ20) -> 0 | EI20: =+SUM(DS20:DW20) -> 0 | EJ20: =+SUM(DX20:EE20) -> 0 | EK20: =+SUM(EF20:EG20) -> 0 | EL20: =+SUM(EH20:EK20) -> 0 | EN20: =+SUM(DO20/52)*100 -> 0 | EO20: =+SUM(DP20/48)*100 -> 0 | EP20: =+SUM(DQ20/20)*100 -> 0 | EQ20: No aplica | ER20: =+SUM(DS20/20)*100 -> 0 | ES20: =+SUM(DT20/12)*100 -> 0 | ET20: =+SUM(DU20/12)*100 -> 0 | EU20: =+SUM(DV20/16)*100 -> 0 | EV20: =+SUM(DW20/12)*100 -> 0 | EW20: =+SUM(DX20/48)*100 -> 0 | EX20: =+SUM(DY20/36)*100 -> 0 | EY20: =+SUM(DZ20/12)*100 -> 0 | EZ20: =+SUM(EA20/16)*100 -> 0 | FA20: No evalua | FB20: =+SUM(EC20/20)*100 -> 0 | FC20: No evalua | FD20: =+SUM(EE20/24)*100 -> 0 | FE20: =+SUM(EF20/16)*100 -> 0 | FF20: =+SUM(EG20/24)*100 -> 0 | FG20: =+SUM(EH20/120)*100 -> 0 | FH20: =+SUM(EI20/72)*100 -> 0 | FI20: =+SUM(EJ20/156)*100 -> 0 | FJ20: =+SUM(EK20/40)*100 -> 0 | FK20: =+SUM(EL20/388)*100 -> 0 | FM20: =EL20+'EXTRALABORAL B '!BH68 -> 23 | FN20: =+(FM20/512)*100 -> 4.4921875
A21: 18 | DO21: =+SUM(BR21:CD21) -> 0 | DP21: =+SUM(CE21:CP21) -> 0 | DQ21: =+SUM(CQ21:CU21) -> 0 | DR21: No aplica | DS21: =+SUM(BJ21:BN21) -> 0 | DT21: =+SUM(BO21:BQ21) -> 0 | DU21: =+SUM(BG21:BI21) -> 0 | DV21: =+SUM(AX21:BA21) -> 0 | DW21: =+SUM(BC21:BE21) -> 0 | DX21: =+SUM(V21:AG21) -> 0 | DY21: =+SUM(DF21:DN21) -> 0 | DZ21: =+SUM(AH21:AJ21) -> 0 | EA21: =+SUM(AT21:AW21) -> 0 | EB21: No evalua | EC21: =+SUM(AK21:AO21) -> 0 | ED21: No evalua | EE21: =+SUM(AP21+AQ21+AR21+AS21+BB21+BF21) -> 0 | EF21: =+SUM(DB21:DE21) -> 0 | EG21: =+SUM(CV21:DA21) -> 0 | EH21: =+SUM(DO21:DQ21) -> 0 | EI21: =+SUM(DS21:DW21) -> 0 | EJ21: =+SUM(DX21:EE21) -> 0 | EK21: =+SUM(EF21:EG21) -> 0 | EL21: =+SUM(EH21:EK21) -> 0 | EN21: =+SUM(DO21/52)*100 -> 0 | EO21: =+SUM(DP21/48)*100 -> 0 | EP21: =+SUM(DQ21/20)*100 -> 0 | EQ21: No aplica | ER21: =+SUM(DS21/20)*100 -> 0 | ES21: =+SUM(DT21/12)*100 -> 0 | ET21: =+SUM(DU21/12)*100 -> 0 | EU21: =+SUM(DV21/16)*100 -> 0 | EV21: =+SUM(DW21/12)*100 -> 0 | EW21: =+SUM(DX21/48)*100 -> 0 | EX21: =+SUM(DY21/36)*100 -> 0 | EY21: =+SUM(DZ21/12)*100 -> 0 | EZ21: =+SUM(EA21/16)*100 -> 0 | FA21: No evalua | FB21: =+SUM(EC21/20)*100 -> 0 | FC21: No evalua | FD21: =+SUM(EE21/24)*100 -> 0 | FE21: =+SUM(EF21/16)*100 -> 0 | FF21: =+SUM(EG21/24)*100 -> 0 | FG21: =+SUM(EH21/120)*100 -> 0 | FH21: =+SUM(EI21/72)*100 -> 0 | FI21: =+SUM(EJ21/156)*100 -> 0 | FJ21: =+SUM(EK21/40)*100 -> 0 | FK21: =+SUM(EL21/388)*100 -> 0 | FM21: =EL21+'EXTRALABORAL B '!BH69 -> 26 | FN21: =+(FM21/512)*100 -> 5.078125
A22: 19 | DO22: =+SUM(BR22:CD22) -> 0 | DP22: =+SUM(CE22:CP22) -> 0 | DQ22: =+SUM(CQ22:CU22) -> 0 | DR22: No aplica | DS22: =+SUM(BJ22:BN22) -> 0 | DT22: =+SUM(BO22:BQ22) -> 0 | DU22: =+SUM(BG22:BI22) -> 0 | DV22: =+SUM(AX22:BA22) -> 0 | DW22: =+SUM(BC22:BE22) -> 0 | DX22: =+SUM(V22:AG22) -> 0 | DY22: =+SUM(DF22:DN22) -> 0 | DZ22: =+SUM(AH22:AJ22) -> 0 | EA22: =+SUM(AT22:AW22) -> 0 | EB22: No evalua | EC22: =+SUM(AK22:AO22) -> 0 | ED22: No evalua | EE22: =+SUM(AP22+AQ22+AR22+AS22+BB22+BF22) -> 0 | EF22: =+SUM(DB22:DE22) -> 0 | EG22: =+SUM(CV22:DA22) -> 0 | EH22: =+SUM(DO22:DQ22) -> 0 | EI22: =+SUM(DS22:DW22) -> 0 | EJ22: =+SUM(DX22:EE22) -> 0 | EK22: =+SUM(EF22:EG22) -> 0 | EL22: =+SUM(EH22:EK22) -> 0 | EN22: =+SUM(DO22/52)*100 -> 0 | EO22: =+SUM(DP22/48)*100 -> 0 | EP22: =+SUM(DQ22/20)*100 -> 0 | EQ22: No aplica | ER22: =+SUM(DS22/20)*100 -> 0 | ES22: =+SUM(DT22/12)*100 -> 0 | ET22: =+SUM(DU22/12)*100 -> 0 | EU22: =+SUM(DV22/16)*100 -> 0 | EV22: =+SUM(DW22/12)*100 -> 0 | EW22: =+SUM(DX22/48)*100 -> 0 | EX22: =+SUM(DY22/36)*100 -> 0 | EY22: =+SUM(DZ22/12)*100 -> 0 | EZ22: =+SUM(EA22/16)*100 -> 0 | FA22: No evalua | FB22: =+SUM(EC22/20)*100 -> 0 | FC22: No evalua | FD22: =+SUM(EE22/24)*100 -> 0 | FE22: =+SUM(EF22/16)*100 -> 0 | FF22: =+SUM(EG22/24)*100 -> 0 | FG22: =+SUM(EH22/120)*100 -> 0 | FH22: =+SUM(EI22/72)*100 -> 0 | FI22: =+SUM(EJ22/156)*100 -> 0 | FJ22: =+SUM(EK22/40)*100 -> 0 | FK22: =+SUM(EL22/388)*100 -> 0 | FM22: =EL22+'EXTRALABORAL B '!BH70 -> 9 | FN22: =+(FM22/512)*100 -> 1.7578125
A23: 20 | DO23: =+SUM(BR23:CD23) -> 0 | DP23: =+SUM(CE23:CP23) -> 0 | DQ23: =+SUM(CQ23:CU23) -> 0 | DR23: No aplica | DS23: =+SUM(BJ23:BN23) -> 0 | DT23: =+SUM(BO23:BQ23) -> 0 | DU23: =+SUM(BG23:BI23) -> 0 | DV23: =+SUM(AX23:BA23) -> 0 | DW23: =+SUM(BC23:BE23) -> 0 | DX23: =+SUM(V23:AG23) -> 0 | DY23: =+SUM(DF23:DN23) -> 0 | DZ23: =+SUM(AH23:AJ23) -> 0 | EA23: =+SUM(AT23:AW23) -> 0 | EB23: No evalua | EC23: =+SUM(AK23:AO23) -> 0 | ED23: No evalua | EE23: =+SUM(AP23+AQ23+AR23+AS23+BB23+BF23) -> 0 | EF23: =+SUM(DB23:DE23) -> 0 | EG23: =+SUM(CV23:DA23) -> 0 | EH23: =+SUM(DO23:DQ23) -> 0 | EI23: =+SUM(DS23:DW23) -> 0 | EJ23: =+SUM(DX23:EE23) -> 0 | EK23: =+SUM(EF23:EG23) -> 0 | EL23: =+SUM(EH23:EK23) -> 0 | EN23: =+SUM(DO23/52)*100 -> 0 | EO23: =+SUM(DP23/48)*100 -> 0 | EP23: =+SUM(DQ23/20)*100 -> 0 | EQ23: No aplica | ER23: =+SUM(DS23/20)*100 -> 0 | ES23: =+SUM(DT23/12)*100 -> 0 | ET23: =+SUM(DU23/12)*100 -> 0 | EU23: =+SUM(DV23/16)*100 -> 0 | EV23: =+SUM(DW23/12)*100 -> 0 | EW23: =+SUM(DX23/48)*100 -> 0 | EX23: =+SUM(DY23/36)*100 -> 0 | EY23: =+SUM(DZ23/12)*100 -> 0 | EZ23: =+SUM(EA23/16)*100 -> 0 | FA23: No evalua | FB23: =+SUM(EC23/20)*100 -> 0 | FC23: No evalua | FD23: =+SUM(EE23/24)*100 -> 0 | FE23: =+SUM(EF23/16)*100 -> 0 | FF23: =+SUM(EG23/24)*100 -> 0 | FG23: =+SUM(EH23/120)*100 -> 0 | FH23: =+SUM(EI23/72)*100 -> 0 | FI23: =+SUM(EJ23/156)*100 -> 0 | FJ23: =+SUM(EK23/40)*100 -> 0 | FK23: =+SUM(EL23/388)*100 -> 0 | FM23: =EL23+'EXTRALABORAL B '!BH71 -> 15 | FN23: =+(FM23/512)*100 -> 2.9296875
A24: 21 | DO24: =+SUM(BR24:CD24) -> 0 | DP24: =+SUM(CE24:CP24) -> 0 | DQ24: =+SUM(CQ24:CU24) -> 0 | DR24: No aplica | DS24: =+SUM(BJ24:BN24) -> 0 | DT24: =+SUM(BO24:BQ24) -> 0 | DU24: =+SUM(BG24:BI24) -> 0 | DV24: =+SUM(AX24:BA24) -> 0 | DW24: =+SUM(BC24:BE24) -> 0 | DX24: =+SUM(V24:AG24) -> 0 | DY24: =+SUM(DF24:DN24) -> 0 | DZ24: =+SUM(AH24:AJ24) -> 0 | EA24: =+SUM(AT24:AW24) -> 0 | EB24: No evalua | EC24: =+SUM(AK24:AO24) -> 0 | ED24: No evalua | EE24: =+SUM(AP24+AQ24+AR24+AS24+BB24+BF24) -> 0 | EF24: =+SUM(DB24:DE24) -> 0 | EG24: =+SUM(CV24:DA24) -> 0 | EH24: =+SUM(DO24:DQ24) -> 0 | EI24: =+SUM(DS24:DW24) -> 0 | EJ24: =+SUM(DX24:EE24) -> 0 | EK24: =+SUM(EF24:EG24) -> 0 | EL24: =+SUM(EH24:EK24) -> 0 | EN24: =+SUM(DO24/52)*100 -> 0 | EO24: =+SUM(DP24/48)*100 -> 0 | EP24: =+SUM(DQ24/20)*100 -> 0 | EQ24: No aplica | ER24: =+SUM(DS24/20)*100 -> 0 | ES24: =+SUM(DT24/12)*100 -> 0 | ET24: =+SUM(DU24/12)*100 -> 0 | EU24: =+SUM(DV24/16)*100 -> 0 | EV24: =+SUM(DW24/12)*100 -> 0 | EW24: =+SUM(DX24/48)*100 -> 0 | EX24: =+SUM(DY24/36)*100 -> 0 | EY24: =+SUM(DZ24/12)*100 -> 0 | EZ24: =+SUM(EA24/16)*100 -> 0 | FA24: No evalua | FB24: =+SUM(EC24/20)*100 -> 0 | FC24: No evalua | FD24: =+SUM(EE24/24)*100 -> 0 | FE24: =+SUM(EF24/16)*100 -> 0 | FF24: =+SUM(EG24/24)*100 -> 0 | FG24: =+SUM(EH24/120)*100 -> 0 | FH24: =+SUM(EI24/72)*100 -> 0 | FI24: =+SUM(EJ24/156)*100 -> 0 | FJ24: =+SUM(EK24/40)*100 -> 0 | FK24: =+SUM(EL24/388)*100 -> 0 | FM24: =EL24+'EXTRALABORAL B '!BH86 -> 6 | FN24: =+(FM24/512)*100 -> 1.171875
A25: 22 | DO25: =+SUM(BR25:CD25) -> 0 | DP25: =+SUM(CE25:CP25) -> 0 | DQ25: =+SUM(CQ25:CU25) -> 0 | DR25: No aplica | DS25: =+SUM(BJ25:BN25) -> 0 | DT25: =+SUM(BO25:BQ25) -> 0 | DU25: =+SUM(BG25:BI25) -> 0 | DV25: =+SUM(AX25:BA25) -> 0 | DW25: =+SUM(BC25:BE25) -> 0 | DX25: =+SUM(V25:AG25) -> 0 | DY25: =+SUM(DF25:DN25) -> 0 | DZ25: =+SUM(AH25:AJ25) -> 0 | EA25: =+SUM(AT25:AW25) -> 0 | EB25: No evalua | EC25: =+SUM(AK25:AO25) -> 0 | ED25: No evalua | EE25: =+SUM(AP25+AQ25+AR25+AS25+BB25+BF25) -> 0 | EF25: =+SUM(DB25:DE25) -> 0 | EG25: =+SUM(CV25:DA25) -> 0 | EH25: =+SUM(DO25:DQ25) -> 0 | EI25: =+SUM(DS25:DW25) -> 0 | EJ25: =+SUM(DX25:EE25) -> 0 | EK25: =+SUM(EF25:EG25) -> 0 | EL25: =+SUM(EH25:EK25) -> 0 | EN25: =+SUM(DO25/52)*100 -> 0 | EO25: =+SUM(DP25/48)*100 -> 0 | EP25: =+SUM(DQ25/20)*100 -> 0 | EQ25: No aplica | ER25: =+SUM(DS25/20)*100 -> 0 | ES25: =+SUM(DT25/12)*100 -> 0 | ET25: =+SUM(DU25/12)*100 -> 0 | EU25: =+SUM(DV25/16)*100 -> 0 | EV25: =+SUM(DW25/12)*100 -> 0 | EW25: =+SUM(DX25/48)*100 -> 0 | EX25: =+SUM(DY25/36)*100 -> 0 | EY25: =+SUM(DZ25/12)*100 -> 0 | EZ25: =+SUM(EA25/16)*100 -> 0 | FA25: No evalua | FB25: =+SUM(EC25/20)*100 -> 0 | FC25: No evalua | FD25: =+SUM(EE25/24)*100 -> 0 | FE25: =+SUM(EF25/16)*100 -> 0 | FF25: =+SUM(EG25/24)*100 -> 0 | FG25: =+SUM(EH25/120)*100 -> 0 | FH25: =+SUM(EI25/72)*100 -> 0 | FI25: =+SUM(EJ25/156)*100 -> 0 | FJ25: =+SUM(EK25/40)*100 -> 0 | FK25: =+SUM(EL25/388)*100 -> 0 | FM25: =EL25+'EXTRALABORAL B '!BH87 -> 14 | FN25: =+(FM25/512)*100 -> 2.734375
A26: 23 | DO26: =+SUM(BR26:CD26) -> 0 | DP26: =+SUM(CE26:CP26) -> 0 | DQ26: =+SUM(CQ26:CU26) -> 0 | DR26: No aplica | DS26: =+SUM(BJ26:BN26) -> 0 | DT26: =+SUM(BO26:BQ26) -> 0 | DU26: =+SUM(BG26:BI26) -> 0 | DV26: =+SUM(AX26:BA26) -> 0 | DW26: =+SUM(BC26:BE26) -> 0 | DX26: =+SUM(V26:AG26) -> 0 | DY26: =+SUM(DF26:DN26) -> 0 | DZ26: =+SUM(AH26:AJ26) -> 0 | EA26: =+SUM(AT26:AW26) -> 0 | EB26: No evalua | EC26: =+SUM(AK26:AO26) -> 0 | ED26: No evalua | EE26: =+SUM(AP26+AQ26+AR26+AS26+BB26+BF26) -> 0 | EF26: =+SUM(DB26:DE26) -> 0 | EG26: =+SUM(CV26:DA26) -> 0 | EH26: =+SUM(DO26:DQ26) -> 0 | EI26: =+SUM(DS26:DW26) -> 0 | EJ26: =+SUM(DX26:EE26) -> 0 | EK26: =+SUM(EF26:EG26) -> 0 | EL26: =+SUM(EH26:EK26) -> 0 | EN26: =+SUM(DO26/52)*100 -> 0 | EO26: =+SUM(DP26/48)*100 -> 0 | EP26: =+SUM(DQ26/20)*100 -> 0 | EQ26: No aplica | ER26: =+SUM(DS26/20)*100 -> 0 | ES26: =+SUM(DT26/12)*100 -> 0 | ET26: =+SUM(DU26/12)*100 -> 0 | EU26: =+SUM(DV26/16)*100 -> 0 | EV26: =+SUM(DW26/12)*100 -> 0 | EW26: =+SUM(DX26/48)*100 -> 0 | EX26: =+SUM(DY26/36)*100 -> 0 | EY26: =+SUM(DZ26/12)*100 -> 0 | EZ26: =+SUM(EA26/16)*100 -> 0 | FA26: No evalua | FB26: =+SUM(EC26/20)*100 -> 0 | FC26: No evalua | FD26: =+SUM(EE26/24)*100 -> 0 | FE26: =+SUM(EF26/16)*100 -> 0 | FF26: =+SUM(EG26/24)*100 -> 0 | FG26: =+SUM(EH26/120)*100 -> 0 | FH26: =+SUM(EI26/72)*100 -> 0 | FI26: =+SUM(EJ26/156)*100 -> 0 | FJ26: =+SUM(EK26/40)*100 -> 0 | FK26: =+SUM(EL26/388)*100 -> 0 | FM26: =EL26+'EXTRALABORAL B '!BH88 -> 6 | FN26: =+(FM26/512)*100 -> 1.171875
A27: 24 | DO27: =+SUM(BR27:CD27) -> 0 | DP27: =+SUM(CE27:CP27) -> 0 | DQ27: =+SUM(CQ27:CU27) -> 0 | DR27: No aplica | DS27: =+SUM(BJ27:BN27) -> 0 | DT27: =+SUM(BO27:BQ27) -> 0 | DU27: =+SUM(BG27:BI27) -> 0 | DV27: =+SUM(AX27:BA27) -> 0 | DW27: =+SUM(BC27:BE27) -> 0 | DX27: =+SUM(V27:AG27) -> 0 | DY27: =+SUM(DF27:DN27) -> 0 | DZ27: =+SUM(AH27:AJ27) -> 0 | EA27: =+SUM(AT27:AW27) -> 0 | EB27: No evalua | EC27: =+SUM(AK27:AO27) -> 0 | ED27: No evalua | EE27: =+SUM(AP27+AQ27+AR27+AS27+BB27+BF27) -> 0 | EF27: =+SUM(DB27:DE27) -> 0 | EG27: =+SUM(CV27:DA27) -> 0 | EH27: =+SUM(DO27:DQ27) -> 0 | EI27: =+SUM(DS27:DW27) -> 0 | EJ27: =+SUM(DX27:EE27) -> 0 | EK27: =+SUM(EF27:EG27) -> 0 | EL27: =+SUM(EH27:EK27) -> 0 | EN27: =+SUM(DO27/52)*100 -> 0 | EO27: =+SUM(DP27/48)*100 -> 0 | EP27: =+SUM(DQ27/20)*100 -> 0 | EQ27: No aplica | ER27: =+SUM(DS27/20)*100 -> 0 | ES27: =+SUM(DT27/12)*100 -> 0 | ET27: =+SUM(DU27/12)*100 -> 0 | EU27: =+SUM(DV27/16)*100 -> 0 | EV27: =+SUM(DW27/12)*100 -> 0 | EW27: =+SUM(DX27/48)*100 -> 0 | EX27: =+SUM(DY27/36)*100 -> 0 | EY27: =+SUM(DZ27/12)*100 -> 0 | EZ27: =+SUM(EA27/16)*100 -> 0 | FA27: No evalua | FB27: =+SUM(EC27/20)*100 -> 0 | FC27: No evalua | FD27: =+SUM(EE27/24)*100 -> 0 | FE27: =+SUM(EF27/16)*100 -> 0 | FF27: =+SUM(EG27/24)*100 -> 0 | FG27: =+SUM(EH27/120)*100 -> 0 | FH27: =+SUM(EI27/72)*100 -> 0 | FI27: =+SUM(EJ27/156)*100 -> 0 | FJ27: =+SUM(EK27/40)*100 -> 0 | FK27: =+SUM(EL27/388)*100 -> 0 | FM27: =EL27+'EXTRALABORAL B '!BH89 -> 45 | FN27: =+(FM27/512)*100 -> 8.7890625
A28: 25 | DO28: =+SUM(BR28:CD28) -> 0 | DP28: =+SUM(CE28:CP28) -> 0 | DQ28: =+SUM(CQ28:CU28) -> 0 | DR28: No aplica | DS28: =+SUM(BJ28:BN28) -> 0 | DT28: =+SUM(BO28:BQ28) -> 0 | DU28: =+SUM(BG28:BI28) -> 0 | DV28: =+SUM(AX28:BA28) -> 0 | DW28: =+SUM(BC28:BE28) -> 0 | DX28: =+SUM(V28:AG28) -> 0 | DY28: =+SUM(DF28:DN28) -> 0 | DZ28: =+SUM(AH28:AJ28) -> 0 | EA28: =+SUM(AT28:AW28) -> 0 | EB28: No evalua | EC28: =+SUM(AK28:AO28) -> 0 | ED28: No evalua | EE28: =+SUM(AP28+AQ28+AR28+AS28+BB28+BF28) -> 0 | EF28: =+SUM(DB28:DE28) -> 0 | EG28: =+SUM(CV28:DA28) -> 0 | EH28: =+SUM(DO28:DQ28) -> 0 | EI28: =+SUM(DS28:DW28) -> 0 | EJ28: =+SUM(DX28:EE28) -> 0 | EK28: =+SUM(EF28:EG28) -> 0 | EL28: =+SUM(EH28:EK28) -> 0 | EN28: =+SUM(DO28/52)*100 -> 0 | EO28: =+SUM(DP28/48)*100 -> 0 | EP28: =+SUM(DQ28/20)*100 -> 0 | EQ28: No aplica | ER28: =+SUM(DS28/20)*100 -> 0 | ES28: =+SUM(DT28/12)*100 -> 0 | ET28: =+SUM(DU28/12)*100 -> 0 | EU28: =+SUM(DV28/16)*100 -> 0 | EV28: =+SUM(DW28/12)*100 -> 0 | EW28: =+SUM(DX28/48)*100 -> 0 | EX28: =+SUM(DY28/36)*100 -> 0 | EY28: =+SUM(DZ28/12)*100 -> 0 | EZ28: =+SUM(EA28/16)*100 -> 0 | FA28: No evalua | FB28: =+SUM(EC28/20)*100 -> 0 | FC28: No evalua | FD28: =+SUM(EE28/24)*100 -> 0 | FE28: =+SUM(EF28/16)*100 -> 0 | FF28: =+SUM(EG28/24)*100 -> 0 | FG28: =+SUM(EH28/120)*100 -> 0 | FH28: =+SUM(EI28/72)*100 -> 0 | FI28: =+SUM(EJ28/156)*100 -> 0 | FJ28: =+SUM(EK28/40)*100 -> 0 | FK28: =+SUM(EL28/388)*100 -> 0 | FM28: =EL28+'EXTRALABORAL B '!BH212 -> 0 | FN28: =+(FM28/512)*100 -> 0
A29: 26 | DO29: =+SUM(BR29:CD29) -> 0 | DP29: =+SUM(CE29:CP29) -> 0 | DQ29: =+SUM(CQ29:CU29) -> 0 | DR29: No aplica | DS29: =+SUM(BJ29:BN29) -> 0 | DT29: =+SUM(BO29:BQ29) -> 0 | DU29: =+SUM(BG29:BI29) -> 0 | DV29: =+SUM(AX29:BA29) -> 0 | DW29: =+SUM(BC29:BE29) -> 0 | DX29: =+SUM(V29:AG29) -> 0 | DY29: =+SUM(DF29:DN29) -> 0 | DZ29: =+SUM(AH29:AJ29) -> 0 | EA29: =+SUM(AT29:AW29) -> 0 | EB29: No evalua | EC29: =+SUM(AK29:AO29) -> 0 | ED29: No evalua | EE29: =+SUM(AP29+AQ29+AR29+AS29+BB29+BF29) -> 0 | EF29: =+SUM(DB29:DE29) -> 0 | EG29: =+SUM(CV29:DA29) -> 0 | EH29: =+SUM(DO29:DQ29) -> 0 | EI29: =+SUM(DS29:DW29) -> 0 | EJ29: =+SUM(DX29:EE29) -> 0 | EK29: =+SUM(EF29:EG29) -> 0 | EL29: =+SUM(EH29:EK29) -> 0 | EN29: =+SUM(DO29/52)*100 -> 0 | EO29: =+SUM(DP29/48)*100 -> 0 | EP29: =+SUM(DQ29/20)*100 -> 0 | EQ29: No aplica | ER29: =+SUM(DS29/20)*100 -> 0 | ES29: =+SUM(DT29/12)*100 -> 0 | ET29: =+SUM(DU29/12)*100 -> 0 | EU29: =+SUM(DV29/16)*100 -> 0 | EV29: =+SUM(DW29/12)*100 -> 0 | EW29: =+SUM(DX29/48)*100 -> 0 | EX29: =+SUM(DY29/36)*100 -> 0 | EY29: =+SUM(DZ29/12)*100 -> 0 | EZ29: =+SUM(EA29/16)*100 -> 0 | FA29: No evalua | FB29: =+SUM(EC29/20)*100 -> 0 | FC29: No evalua | FD29: =+SUM(EE29/24)*100 -> 0 | FE29: =+SUM(EF29/16)*100 -> 0 | FF29: =+SUM(EG29/24)*100 -> 0 | FG29: =+SUM(EH29/120)*100 -> 0 | FH29: =+SUM(EI29/72)*100 -> 0 | FI29: =+SUM(EJ29/156)*100 -> 0 | FJ29: =+SUM(EK29/40)*100 -> 0 | FK29: =+SUM(EL29/388)*100 -> 0 | FM29: =EL29+'EXTRALABORAL B '!#REF! -> #REF! | FN29: =+(FM29/512)*100 -> #REF!
A30: 27 | DO30: =+SUM(BR30:CD30) -> 0 | DP30: =+SUM(CE30:CP30) -> 0 | DQ30: =+SUM(CQ30:CU30) -> 0 | DR30: No aplica | DS30: =+SUM(BJ30:BN30) -> 0 | DT30: =+SUM(BO30:BQ30) -> 0 | DU30: =+SUM(BG30:BI30) -> 0 | DV30: =+SUM(AX30:BA30) -> 0 | DW30: =+SUM(BC30:BE30) -> 0 | DX30: =+SUM(V30:AG30) -> 0 | DY30: =+SUM(DF30:DN30) -> 0 | DZ30: =+SUM(AH30:AJ30) -> 0 | EA30: =+SUM(AT30:AW30) -> 0 | EB30: No evalua | EC30: =+SUM(AK30:AO30) -> 0 | ED30: No evalua | EE30: =+SUM(AP30+AQ30+AR30+AS30+BB30+BF30) -> 0 | EF30: =+SUM(DB30:DE30) -> 0 | EG30: =+SUM(CV30:DA30) -> 0 | EH30: =+SUM(DO30:DQ30) -> 0 | EI30: =+SUM(DS30:DW30) -> 0 | EJ30: =+SUM(DX30:EE30) -> 0 | EK30: =+SUM(EF30:EG30) -> 0 | EL30: =+SUM(EH30:EK30) -> 0 | EN30: =+SUM(DO30/52)*100 -> 0 | EO30: =+SUM(DP30/48)*100 -> 0 | EP30: =+SUM(DQ30/20)*100 -> 0 | EQ30: No aplica | ER30: =+SUM(DS30/20)*100 -> 0 | ES30: =+SUM(DT30/12)*100 -> 0 | ET30: =+SUM(DU30/12)*100 -> 0 | EU30: =+SUM(DV30/16)*100 -> 0 | EV30: =+SUM(DW30/12)*100 -> 0 | EW30: =+SUM(DX30/48)*100 -> 0 | EX30: =+SUM(DY30/36)*100 -> 0 | EY30: =+SUM(DZ30/12)*100 -> 0 | EZ30: =+SUM(EA30/16)*100 -> 0 | FA30: No evalua | FB30: =+SUM(EC30/20)*100 -> 0 | FC30: No evalua | FD30: =+SUM(EE30/24)*100 -> 0 | FE30: =+SUM(EF30/16)*100 -> 0 | FF30: =+SUM(EG30/24)*100 -> 0 | FG30: =+SUM(EH30/120)*100 -> 0 | FH30: =+SUM(EI30/72)*100 -> 0 | FI30: =+SUM(EJ30/156)*100 -> 0 | FJ30: =+SUM(EK30/40)*100 -> 0 | FK30: =+SUM(EL30/388)*100 -> 0 | FM30: =EL30+'EXTRALABORAL B '!#REF! -> #REF! | FN30: =+(FM30/512)*100 -> #REF!
A31: 28 | DO31: =+SUM(BR31:CD31) -> 0 | DP31: =+SUM(CE31:CP31) -> 0 | DQ31: =+SUM(CQ31:CU31) -> 0 | DR31: No aplica | DS31: =+SUM(BJ31:BN31) -> 0 | DT31: =+SUM(BO31:BQ31) -> 0 | DU31: =+SUM(BG31:BI31) -> 0 | DV31: =+SUM(AX31:BA31) -> 0 | DW31: =+SUM(BC31:BE31) -> 0 | DX31: =+SUM(V31:AG31) -> 0 | DY31: =+SUM(DF31:DN31) -> 0 | DZ31: =+SUM(AH31:AJ31) -> 0 | EA31: =+SUM(AT31:AW31) -> 0 | EB31: No evalua | EC31: =+SUM(AK31:AO31) -> 0 | ED31: No evalua | EE31: =+SUM(AP31+AQ31+AR31+AS31+BB31+BF31) -> 0 | EF31: =+SUM(DB31:DE31) -> 0 | EG31: =+SUM(CV31:DA31) -> 0 | EH31: =+SUM(DO31:DQ31) -> 0 | EI31: =+SUM(DS31:DW31) -> 0 | EJ31: =+SUM(DX31:EE31) -> 0 | EK31: =+SUM(EF31:EG31) -> 0 | EL31: =+SUM(EH31:EK31) -> 0 | EN31: =+SUM(DO31/52)*100 -> 0 | EO31: =+SUM(DP31/48)*100 -> 0 | EP31: =+SUM(DQ31/20)*100 -> 0 | EQ31: No aplica | ER31: =+SUM(DS31/20)*100 -> 0 | ES31: =+SUM(DT31/12)*100 -> 0 | ET31: =+SUM(DU31/12)*100 -> 0 | EU31: =+SUM(DV31/16)*100 -> 0 | EV31: =+SUM(DW31/12)*100 -> 0 | EW31: =+SUM(DX31/48)*100 -> 0 | EX31: =+SUM(DY31/36)*100 -> 0 | EY31: =+SUM(DZ31/12)*100 -> 0 | EZ31: =+SUM(EA31/16)*100 -> 0 | FA31: No evalua | FB31: =+SUM(EC31/20)*100 -> 0 | FC31: No evalua | FD31: =+SUM(EE31/24)*100 -> 0 | FE31: =+SUM(EF31/16)*100 -> 0 | FF31: =+SUM(EG31/24)*100 -> 0 | FG31: =+SUM(EH31/120)*100 -> 0 | FH31: =+SUM(EI31/72)*100 -> 0 | FI31: =+SUM(EJ31/156)*100 -> 0 | FJ31: =+SUM(EK31/40)*100 -> 0 | FK31: =+SUM(EL31/388)*100 -> 0 | FM31: =EL31+'EXTRALABORAL B '!BH213 -> 0 | FN31: =+(FM31/512)*100 -> 0
A32: 29 | DO32: =+SUM(BR32:CD32) -> 0 | DP32: =+SUM(CE32:CP32) -> 0 | DQ32: =+SUM(CQ32:CU32) -> 0 | DR32: No aplica | DS32: =+SUM(BJ32:BN32) -> 0 | DT32: =+SUM(BO32:BQ32) -> 0 | DU32: =+SUM(BG32:BI32) -> 0 | DV32: =+SUM(AX32:BA32) -> 0 | DW32: =+SUM(BC32:BE32) -> 0 | DX32: =+SUM(V32:AG32) -> 0 | DY32: =+SUM(DF32:DN32) -> 0 | DZ32: =+SUM(AH32:AJ32) -> 0 | EA32: =+SUM(AT32:AW32) -> 0 | EB32: No evalua | EC32: =+SUM(AK32:AO32) -> 0 | ED32: No evalua | EE32: =+SUM(AP32+AQ32+AR32+AS32+BB32+BF32) -> 0 | EF32: =+SUM(DB32:DE32) -> 0 | EG32: =+SUM(CV32:DA32) -> 0 | EH32: =+SUM(DO32:DQ32) -> 0 | EI32: =+SUM(DS32:DW32) -> 0 | EJ32: =+SUM(DX32:EE32) -> 0 | EK32: =+SUM(EF32:EG32) -> 0 | EL32: =+SUM(EH32:EK32) -> 0 | EN32: =+SUM(DO32/52)*100 -> 0 | EO32: =+SUM(DP32/48)*100 -> 0 | EP32: =+SUM(DQ32/20)*100 -> 0 | EQ32: No aplica | ER32: =+SUM(DS32/20)*100 -> 0 | ES32: =+SUM(DT32/12)*100 -> 0 | ET32: =+SUM(DU32/12)*100 -> 0 | EU32: =+SUM(DV32/16)*100 -> 0 | EV32: =+SUM(DW32/12)*100 -> 0 | EW32: =+SUM(DX32/48)*100 -> 0 | EX32: =+SUM(DY32/36)*100 -> 0 | EY32: =+SUM(DZ32/12)*100 -> 0 | EZ32: =+SUM(EA32/16)*100 -> 0 | FA32: No evalua | FB32: =+SUM(EC32/20)*100 -> 0 | FC32: No evalua | FD32: =+SUM(EE32/24)*100 -> 0 | FE32: =+SUM(EF32/16)*100 -> 0 | FF32: =+SUM(EG32/24)*100 -> 0 | FG32: =+SUM(EH32/120)*100 -> 0 | FH32: =+SUM(EI32/72)*100 -> 0 | FI32: =+SUM(EJ32/156)*100 -> 0 | FJ32: =+SUM(EK32/40)*100 -> 0 | FK32: =+SUM(EL32/388)*100 -> 0 | FM32: =EL32+'EXTRALABORAL B '!BH214 -> 0 | FN32: =+(FM32/512)*100 -> 0
A33: 30 | DO33: =+SUM(BR33:CD33) -> 0 | DP33: =+SUM(CE33:CP33) -> 0 | DQ33: =+SUM(CQ33:CU33) -> 0 | DR33: No aplica | DS33: =+SUM(BJ33:BN33) -> 0 | DT33: =+SUM(BO33:BQ33) -> 0 | DU33: =+SUM(BG33:BI33) -> 0 | DV33: =+SUM(AX33:BA33) -> 0 | DW33: =+SUM(BC33:BE33) -> 0 | DX33: =+SUM(V33:AG33) -> 0 | DY33: =+SUM(DF33:DN33) -> 0 | DZ33: =+SUM(AH33:AJ33) -> 0 | EA33: =+SUM(AT33:AW33) -> 0 | EB33: No evalua | EC33: =+SUM(AK33:AO33) -> 0 | ED33: No evalua | EE33: =+SUM(AP33+AQ33+AR33+AS33+BB33+BF33) -> 0 | EF33: =+SUM(DB33:DE33) -> 0 | EG33: =+SUM(CV33:DA33) -> 0 | EH33: =+SUM(DO33:DQ33) -> 0 | EI33: =+SUM(DS33:DW33) -> 0 | EJ33: =+SUM(DX33:EE33) -> 0 | EK33: =+SUM(EF33:EG33) -> 0 | EL33: =+SUM(EH33:EK33) -> 0 | EN33: =+SUM(DO33/52)*100 -> 0 | EO33: =+SUM(DP33/48)*100 -> 0 | EP33: =+SUM(DQ33/20)*100 -> 0 | EQ33: No aplica | ER33: =+SUM(DS33/20)*100 -> 0 | ES33: =+SUM(DT33/12)*100 -> 0 | ET33: =+SUM(DU33/12)*100 -> 0 | EU33: =+SUM(DV33/16)*100 -> 0 | EV33: =+SUM(DW33/12)*100 -> 0 | EW33: =+SUM(DX33/48)*100 -> 0 | EX33: =+SUM(DY33/36)*100 -> 0 | EY33: =+SUM(DZ33/12)*100 -> 0 | EZ33: =+SUM(EA33/16)*100 -> 0 | FA33: No evalua | FB33: =+SUM(EC33/20)*100 -> 0 | FC33: No evalua | FD33: =+SUM(EE33/24)*100 -> 0 | FE33: =+SUM(EF33/16)*100 -> 0 | FF33: =+SUM(EG33/24)*100 -> 0 | FG33: =+SUM(EH33/120)*100 -> 0 | FH33: =+SUM(EI33/72)*100 -> 0 | FI33: =+SUM(EJ33/156)*100 -> 0 | FJ33: =+SUM(EK33/40)*100 -> 0 | FK33: =+SUM(EL33/388)*100 -> 0 | FM33: =EL33+'EXTRALABORAL B '!BH215 -> 0 | FN33: =+(FM33/512)*100 -> 0
A34: 31 | DO34: =+SUM(BR34:CD34) -> 0 | DP34: =+SUM(CE34:CP34) -> 0 | DQ34: =+SUM(CQ34:CU34) -> 0 | DR34: No aplica | DS34: =+SUM(BJ34:BN34) -> 0 | DT34: =+SUM(BO34:BQ34) -> 0 | DU34: =+SUM(BG34:BI34) -> 0 | DV34: =+SUM(AX34:BA34) -> 0 | DW34: =+SUM(BC34:BE34) -> 0 | DX34: =+SUM(V34:AG34) -> 0 | DY34: =+SUM(DF34:DN34) -> 0 | DZ34: =+SUM(AH34:AJ34) -> 0 | EA34: =+SUM(AT34:AW34) -> 0 | EB34: No evalua | EC34: =+SUM(AK34:AO34) -> 0 | ED34: No evalua | EE34: =+SUM(AP34+AQ34+AR34+AS34+BB34+BF34) -> 0 | EF34: =+SUM(DB34:DE34) -> 0 | EG34: =+SUM(CV34:DA34) -> 0 | EH34: =+SUM(DO34:DQ34) -> 0 | EI34: =+SUM(DS34:DW34) -> 0 | EJ34: =+SUM(DX34:EE34) -> 0 | EK34: =+SUM(EF34:EG34) -> 0 | EL34: =+SUM(EH34:EK34) -> 0 | EN34: =+SUM(DO34/52)*100 -> 0 | EO34: =+SUM(DP34/48)*100 -> 0 | EP34: =+SUM(DQ34/20)*100 -> 0 | EQ34: No aplica | ER34: =+SUM(DS34/20)*100 -> 0 | ES34: =+SUM(DT34/12)*100 -> 0 | ET34: =+SUM(DU34/12)*100 -> 0 | EU34: =+SUM(DV34/16)*100 -> 0 | EV34: =+SUM(DW34/12)*100 -> 0 | EW34: =+SUM(DX34/48)*100 -> 0 | EX34: =+SUM(DY34/36)*100 -> 0 | EY34: =+SUM(DZ34/12)*100 -> 0 | EZ34: =+SUM(EA34/16)*100 -> 0 | FA34: No evalua | FB34: =+SUM(EC34/20)*100 -> 0 | FC34: No evalua | FD34: =+SUM(EE34/24)*100 -> 0 | FE34: =+SUM(EF34/16)*100 -> 0 | FF34: =+SUM(EG34/24)*100 -> 0 | FG34: =+SUM(EH34/120)*100 -> 0 | FH34: =+SUM(EI34/72)*100 -> 0 | FI34: =+SUM(EJ34/156)*100 -> 0 | FJ34: =+SUM(EK34/40)*100 -> 0 | FK34: =+SUM(EL34/388)*100 -> 0 | FM34: =EL34+'EXTRALABORAL B '!BH216 -> 0 | FN34: =+(FM34/512)*100 -> 0
A35: 32 | DO35: =+SUM(BR35:CD35) -> 0 | DP35: =+SUM(CE35:CP35) -> 0 | DQ35: =+SUM(CQ35:CU35) -> 0 | DR35: No aplica | DS35: =+SUM(BJ35:BN35) -> 0 | DT35: =+SUM(BO35:BQ35) -> 0 | DU35: =+SUM(BG35:BI35) -> 0 | DV35: =+SUM(AX35:BA35) -> 0 | DW35: =+SUM(BC35:BE35) -> 0 | DX35: =+SUM(V35:AG35) -> 0 | DY35: =+SUM(DF35:DN35) -> 0 | DZ35: =+SUM(AH35:AJ35) -> 0 | EA35: =+SUM(AT35:AW35) -> 0 | EB35: No evalua | EC35: =+SUM(AK35:AO35) -> 0 | ED35: No evalua | EE35: =+SUM(AP35+AQ35+AR35+AS35+BB35+BF35) -> 0 | EF35: =+SUM(DB35:DE35) -> 0 | EG35: =+SUM(CV35:DA35) -> 0 | EH35: =+SUM(DO35:DQ35) -> 0 | EI35: =+SUM(DS35:DW35) -> 0 | EJ35: =+SUM(DX35:EE35) -> 0 | EK35: =+SUM(EF35:EG35) -> 0 | EL35: =+SUM(EH35:EK35) -> 0 | EN35: =+SUM(DO35/52)*100 -> 0 | EO35: =+SUM(DP35/48)*100 -> 0 | EP35: =+SUM(DQ35/20)*100 -> 0 | EQ35: No aplica | ER35: =+SUM(DS35/20)*100 -> 0 | ES35: =+SUM(DT35/12)*100 -> 0 | ET35: =+SUM(DU35/12)*100 -> 0 | EU35: =+SUM(DV35/16)*100 -> 0 | EV35: =+SUM(DW35/12)*100 -> 0 | EW35: =+SUM(DX35/48)*100 -> 0 | EX35: =+SUM(DY35/36)*100 -> 0 | EY35: =+SUM(DZ35/12)*100 -> 0 | EZ35: =+SUM(EA35/16)*100 -> 0 | FA35: No evalua | FB35: =+SUM(EC35/20)*100 -> 0 | FC35: No evalua | FD35: =+SUM(EE35/24)*100 -> 0 | FE35: =+SUM(EF35/16)*100 -> 0 | FF35: =+SUM(EG35/24)*100 -> 0 | FG35: =+SUM(EH35/120)*100 -> 0 | FH35: =+SUM(EI35/72)*100 -> 0 | FI35: =+SUM(EJ35/156)*100 -> 0 | FJ35: =+SUM(EK35/40)*100 -> 0 | FK35: =+SUM(EL35/388)*100 -> 0 | FM35: =EL35+'EXTRALABORAL B '!BH217 -> 0 | FN35: =+(FM35/512)*100 -> 0
A36: 33 | DO36: =+SUM(BR36:CD36) -> 0 | DP36: =+SUM(CE36:CP36) -> 0 | DQ36: =+SUM(CQ36:CU36) -> 0 | DR36: No aplica | DS36: =+SUM(BJ36:BN36) -> 0 | DT36: =+SUM(BO36:BQ36) -> 0 | DU36: =+SUM(BG36:BI36) -> 0 | DV36: =+SUM(AX36:BA36) -> 0 | DW36: =+SUM(BC36:BE36) -> 0 | DX36: =+SUM(V36:AG36) -> 0 | DY36: =+SUM(DF36:DN36) -> 0 | DZ36: =+SUM(AH36:AJ36) -> 0 | EA36: =+SUM(AT36:AW36) -> 0 | EB36: No evalua | EC36: =+SUM(AK36:AO36) -> 0 | ED36: No evalua | EE36: =+SUM(AP36+AQ36+AR36+AS36+BB36+BF36) -> 0 | EF36: =+SUM(DB36:DE36) -> 0 | EG36: =+SUM(CV36:DA36) -> 0 | EH36: =+SUM(DO36:DQ36) -> 0 | EI36: =+SUM(DS36:DW36) -> 0 | EJ36: =+SUM(DX36:EE36) -> 0 | EK36: =+SUM(EF36:EG36) -> 0 | EL36: =+SUM(EH36:EK36) -> 0 | EN36: =+SUM(DO36/52)*100 -> 0 | EO36: =+SUM(DP36/48)*100 -> 0 | EP36: =+SUM(DQ36/20)*100 -> 0 | EQ36: No aplica | ER36: =+SUM(DS36/20)*100 -> 0 | ES36: =+SUM(DT36/12)*100 -> 0 | ET36: =+SUM(DU36/12)*100 -> 0 | EU36: =+SUM(DV36/16)*100 -> 0 | EV36: =+SUM(DW36/12)*100 -> 0 | EW36: =+SUM(DX36/48)*100 -> 0 | EX36: =+SUM(DY36/36)*100 -> 0 | EY36: =+SUM(DZ36/12)*100 -> 0 | EZ36: =+SUM(EA36/16)*100 -> 0 | FA36: No evalua | FB36: =+SUM(EC36/20)*100 -> 0 | FC36: No evalua | FD36: =+SUM(EE36/24)*100 -> 0 | FE36: =+SUM(EF36/16)*100 -> 0 | FF36: =+SUM(EG36/24)*100 -> 0 | FG36: =+SUM(EH36/120)*100 -> 0 | FH36: =+SUM(EI36/72)*100 -> 0 | FI36: =+SUM(EJ36/156)*100 -> 0 | FJ36: =+SUM(EK36/40)*100 -> 0 | FK36: =+SUM(EL36/388)*100 -> 0 | FM36: =EL36+'EXTRALABORAL B '!BH218 -> 0 | FN36: =+(FM36/512)*100 -> 0
A37: 34 | DO37: =+SUM(BR37:CD37) -> 0 | DP37: =+SUM(CE37:CP37) -> 0 | DQ37: =+SUM(CQ37:CU37) -> 0 | DR37: No aplica | DS37: =+SUM(BJ37:BN37) -> 0 | DT37: =+SUM(BO37:BQ37) -> 0 | DU37: =+SUM(BG37:BI37) -> 0 | DV37: =+SUM(AX37:BA37) -> 0 | DW37: =+SUM(BC37:BE37) -> 0 | DX37: =+SUM(V37:AG37) -> 0 | DY37: =+SUM(DF37:DN37) -> 0 | DZ37: =+SUM(AH37:AJ37) -> 0 | EA37: =+SUM(AT37:AW37) -> 0 | EB37: No evalua | EC37: =+SUM(AK37:AO37) -> 0 | ED37: No evalua | EE37: =+SUM(AP37+AQ37+AR37+AS37+BB37+BF37) -> 0 | EF37: =+SUM(DB37:DE37) -> 0 | EG37: =+SUM(CV37:DA37) -> 0 | EH37: =+SUM(DO37:DQ37) -> 0 | EI37: =+SUM(DS37:DW37) -> 0 | EJ37: =+SUM(DX37:EE37) -> 0 | EK37: =+SUM(EF37:EG37) -> 0 | EL37: =+SUM(EH37:EK37) -> 0 | EN37: =+SUM(DO37/52)*100 -> 0 | EO37: =+SUM(DP37/48)*100 -> 0 | EP37: =+SUM(DQ37/20)*100 -> 0 | EQ37: No aplica | ER37: =+SUM(DS37/20)*100 -> 0 | ES37: =+SUM(DT37/12)*100 -> 0 | ET37: =+SUM(DU37/12)*100 -> 0 | EU37: =+SUM(DV37/16)*100 -> 0 | EV37: =+SUM(DW37/12)*100 -> 0 | EW37: =+SUM(DX37/48)*100 -> 0 | EX37: =+SUM(DY37/36)*100 -> 0 | EY37: =+SUM(DZ37/12)*100 -> 0 | EZ37: =+SUM(EA37/16)*100 -> 0 | FA37: No evalua | FB37: =+SUM(EC37/20)*100 -> 0 | FC37: No evalua | FD37: =+SUM(EE37/24)*100 -> 0 | FE37: =+SUM(EF37/16)*100 -> 0 | FF37: =+SUM(EG37/24)*100 -> 0 | FG37: =+SUM(EH37/120)*100 -> 0 | FH37: =+SUM(EI37/72)*100 -> 0 | FI37: =+SUM(EJ37/156)*100 -> 0 | FJ37: =+SUM(EK37/40)*100 -> 0 | FK37: =+SUM(EL37/388)*100 -> 0 | FM37: =EL37+'EXTRALABORAL B '!BH219 -> 0 | FN37: =+(FM37/512)*100 -> 0
A38: 35 | DO38: =+SUM(BR38:CD38) -> 0 | DP38: =+SUM(CE38:CP38) -> 0 | DQ38: =+SUM(CQ38:CU38) -> 0 | DR38: No aplica | DS38: =+SUM(BJ38:BN38) -> 0 | DT38: =+SUM(BO38:BQ38) -> 0 | DU38: =+SUM(BG38:BI38) -> 0 | DV38: =+SUM(AX38:BA38) -> 0 | DW38: =+SUM(BC38:BE38) -> 0 | DX38: =+SUM(V38:AG38) -> 0 | DY38: =+SUM(DF38:DN38) -> 0 | DZ38: =+SUM(AH38:AJ38) -> 0 | EA38: =+SUM(AT38:AW38) -> 0 | EB38: No evalua | EC38: =+SUM(AK38:AO38) -> 0 | ED38: No evalua | EE38: =+SUM(AP38+AQ38+AR38+AS38+BB38+BF38) -> 0 | EF38: =+SUM(DB38:DE38) -> 0 | EG38: =+SUM(CV38:DA38) -> 0 | EH38: =+SUM(DO38:DQ38) -> 0 | EI38: =+SUM(DS38:DW38) -> 0 | EJ38: =+SUM(DX38:EE38) -> 0 | EK38: =+SUM(EF38:EG38) -> 0 | EL38: =+SUM(EH38:EK38) -> 0 | EN38: =+SUM(DO38/52)*100 -> 0 | EO38: =+SUM(DP38/48)*100 -> 0 | EP38: =+SUM(DQ38/20)*100 -> 0 | EQ38: No aplica | ER38: =+SUM(DS38/20)*100 -> 0 | ES38: =+SUM(DT38/12)*100 -> 0 | ET38: =+SUM(DU38/12)*100 -> 0 | EU38: =+SUM(DV38/16)*100 -> 0 | EV38: =+SUM(DW38/12)*100 -> 0 | EW38: =+SUM(DX38/48)*100 -> 0 | EX38: =+SUM(DY38/36)*100 -> 0 | EY38: =+SUM(DZ38/12)*100 -> 0 | EZ38: =+SUM(EA38/16)*100 -> 0 | FA38: No evalua | FB38: =+SUM(EC38/20)*100 -> 0 | FC38: No evalua | FD38: =+SUM(EE38/24)*100 -> 0 | FE38: =+SUM(EF38/16)*100 -> 0 | FF38: =+SUM(EG38/24)*100 -> 0 | FG38: =+SUM(EH38/120)*100 -> 0 | FH38: =+SUM(EI38/72)*100 -> 0 | FI38: =+SUM(EJ38/156)*100 -> 0 | FJ38: =+SUM(EK38/40)*100 -> 0 | FK38: =+SUM(EL38/388)*100 -> 0 | FM38: =EL38+'EXTRALABORAL B '!BH220 -> 0 | FN38: =+(FM38/512)*100 -> 0
A39: 36 | DO39: =+SUM(BR39:CD39) -> 0 | DP39: =+SUM(CE39:CP39) -> 0 | DQ39: =+SUM(CQ39:CU39) -> 0 | DR39: No aplica | DS39: =+SUM(BJ39:BN39) -> 0 | DT39: =+SUM(BO39:BQ39) -> 0 | DU39: =+SUM(BG39:BI39) -> 0 | DV39: =+SUM(AX39:BA39) -> 0 | DW39: =+SUM(BC39:BE39) -> 0 | DX39: =+SUM(V39:AG39) -> 0 | DY39: =+SUM(DF39:DN39) -> 0 | DZ39: =+SUM(AH39:AJ39) -> 0 | EA39: =+SUM(AT39:AW39) -> 0 | EB39: No evalua | EC39: =+SUM(AK39:AO39) -> 0 | ED39: No evalua | EE39: =+SUM(AP39+AQ39+AR39+AS39+BB39+BF39) -> 0 | EF39: =+SUM(DB39:DE39) -> 0 | EG39: =+SUM(CV39:DA39) -> 0 | EH39: =+SUM(DO39:DQ39) -> 0 | EI39: =+SUM(DS39:DW39) -> 0 | EJ39: =+SUM(DX39:EE39) -> 0 | EK39: =+SUM(EF39:EG39) -> 0 | EL39: =+SUM(EH39:EK39) -> 0 | EN39: =+SUM(DO39/52)*100 -> 0 | EO39: =+SUM(DP39/48)*100 -> 0 | EP39: =+SUM(DQ39/20)*100 -> 0 | EQ39: No aplica | ER39: =+SUM(DS39/20)*100 -> 0 | ES39: =+SUM(DT39/12)*100 -> 0 | ET39: =+SUM(DU39/12)*100 -> 0 | EU39: =+SUM(DV39/16)*100 -> 0 | EV39: =+SUM(DW39/12)*100 -> 0 | EW39: =+SUM(DX39/48)*100 -> 0 | EX39: =+SUM(DY39/36)*100 -> 0 | EY39: =+SUM(DZ39/12)*100 -> 0 | EZ39: =+SUM(EA39/16)*100 -> 0 | FA39: No evalua | FB39: =+SUM(EC39/20)*100 -> 0 | FC39: No evalua | FD39: =+SUM(EE39/24)*100 -> 0 | FE39: =+SUM(EF39/16)*100 -> 0 | FF39: =+SUM(EG39/24)*100 -> 0 | FG39: =+SUM(EH39/120)*100 -> 0 | FH39: =+SUM(EI39/72)*100 -> 0 | FI39: =+SUM(EJ39/156)*100 -> 0 | FJ39: =+SUM(EK39/40)*100 -> 0 | FK39: =+SUM(EL39/388)*100 -> 0 | FM39: =EL39+'EXTRALABORAL B '!BH221 -> 0 | FN39: =+(FM39/512)*100 -> 0
A40: 37 | DO40: =+SUM(BR40:CD40) -> 0 | DP40: =+SUM(CE40:CP40) -> 0 | DQ40: =+SUM(CQ40:CU40) -> 0 | DR40: No aplica | DS40: =+SUM(BJ40:BN40) -> 0 | DT40: =+SUM(BO40:BQ40) -> 0 | DU40: =+SUM(BG40:BI40) -> 0 | DV40: =+SUM(AX40:BA40) -> 0 | DW40: =+SUM(BC40:BE40) -> 0 | DX40: =+SUM(V40:AG40) -> 0 | DY40: =+SUM(DF40:DN40) -> 0 | DZ40: =+SUM(AH40:AJ40) -> 0 | EA40: =+SUM(AT40:AW40) -> 0 | EB40: No evalua | EC40: =+SUM(AK40:AO40) -> 0 | ED40: No evalua | EE40: =+SUM(AP40+AQ40+AR40+AS40+BB40+BF40) -> 0 | EF40: =+SUM(DB40:DE40) -> 0 | EG40: =+SUM(CV40:DA40) -> 0 | EH40: =+SUM(DO40:DQ40) -> 0 | EI40: =+SUM(DS40:DW40) -> 0 | EJ40: =+SUM(DX40:EE40) -> 0 | EK40: =+SUM(EF40:EG40) -> 0 | EL40: =+SUM(EH40:EK40) -> 0 | EN40: =+SUM(DO40/52)*100 -> 0 | EO40: =+SUM(DP40/48)*100 -> 0 | EP40: =+SUM(DQ40/20)*100 -> 0 | EQ40: No aplica | ER40: =+SUM(DS40/20)*100 -> 0 | ES40: =+SUM(DT40/12)*100 -> 0 | ET40: =+SUM(DU40/12)*100 -> 0 | EU40: =+SUM(DV40/16)*100 -> 0 | EV40: =+SUM(DW40/12)*100 -> 0 | EW40: =+SUM(DX40/48)*100 -> 0 | EX40: =+SUM(DY40/36)*100 -> 0 | EY40: =+SUM(DZ40/12)*100 -> 0 | EZ40: =+SUM(EA40/16)*100 -> 0 | FA40: No evalua | FB40: =+SUM(EC40/20)*100 -> 0 | FC40: No evalua | FD40: =+SUM(EE40/24)*100 -> 0 | FE40: =+SUM(EF40/16)*100 -> 0 | FF40: =+SUM(EG40/24)*100 -> 0 | FG40: =+SUM(EH40/120)*100 -> 0 | FH40: =+SUM(EI40/72)*100 -> 0 | FI40: =+SUM(EJ40/156)*100 -> 0 | FJ40: =+SUM(EK40/40)*100 -> 0 | FK40: =+SUM(EL40/388)*100 -> 0 | FM40: =EL40+'EXTRALABORAL B '!BH222 -> 0 | FN40: =+(FM40/512)*100 -> 0
A41: 38 | DO41: =+SUM(BR41:CD41) -> 0 | DP41: =+SUM(CE41:CP41) -> 0 | DQ41: =+SUM(CQ41:CU41) -> 0 | DR41: No aplica | DS41: =+SUM(BJ41:BN41) -> 0 | DT41: =+SUM(BO41:BQ41) -> 0 | DU41: =+SUM(BG41:BI41) -> 0 | DV41: =+SUM(AX41:BA41) -> 0 | DW41: =+SUM(BC41:BE41) -> 0 | DX41: =+SUM(V41:AG41) -> 0 | DY41: =+SUM(DF41:DN41) -> 0 | DZ41: =+SUM(AH41:AJ41) -> 0 | EA41: =+SUM(AT41:AW41) -> 0 | EB41: No evalua | EC41: =+SUM(AK41:AO41) -> 0 | ED41: No evalua | EE41: =+SUM(AP41+AQ41+AR41+AS41+BB41+BF41) -> 0 | EF41: =+SUM(DB41:DE41) -> 0 | EG41: =+SUM(CV41:DA41) -> 0 | EH41: =+SUM(DO41:DQ41) -> 0 | EI41: =+SUM(DS41:DW41) -> 0 | EJ41: =+SUM(DX41:EE41) -> 0 | EK41: =+SUM(EF41:EG41) -> 0 | EL41: =+SUM(EH41:EK41) -> 0 | EN41: =+SUM(DO41/52)*100 -> 0 | EO41: =+SUM(DP41/48)*100 -> 0 | EP41: =+SUM(DQ41/20)*100 -> 0 | EQ41: No aplica | ER41: =+SUM(DS41/20)*100 -> 0 | ES41: =+SUM(DT41/12)*100 -> 0 | ET41: =+SUM(DU41/12)*100 -> 0 | EU41: =+SUM(DV41/16)*100 -> 0 | EV41: =+SUM(DW41/12)*100 -> 0 | EW41: =+SUM(DX41/48)*100 -> 0 | EX41: =+SUM(DY41/36)*100 -> 0 | EY41: =+SUM(DZ41/12)*100 -> 0 | EZ41: =+SUM(EA41/16)*100 -> 0 | FA41: No evalua | FB41: =+SUM(EC41/20)*100 -> 0 | FC41: No evalua | FD41: =+SUM(EE41/24)*100 -> 0 | FE41: =+SUM(EF41/16)*100 -> 0 | FF41: =+SUM(EG41/24)*100 -> 0 | FG41: =+SUM(EH41/120)*100 -> 0 | FH41: =+SUM(EI41/72)*100 -> 0 | FI41: =+SUM(EJ41/156)*100 -> 0 | FJ41: =+SUM(EK41/40)*100 -> 0 | FK41: =+SUM(EL41/388)*100 -> 0 | FM41: =EL41+'EXTRALABORAL B '!BH223 -> 0 | FN41: =+(FM41/512)*100 -> 0
A42: 39 | DO42: =+SUM(BR42:CD42) -> 0 | DP42: =+SUM(CE42:CP42) -> 0 | DQ42: =+SUM(CQ42:CU42) -> 0 | DR42: No aplica | DS42: =+SUM(BJ42:BN42) -> 0 | DT42: =+SUM(BO42:BQ42) -> 0 | DU42: =+SUM(BG42:BI42) -> 0 | DV42: =+SUM(AX42:BA42) -> 0 | DW42: =+SUM(BC42:BE42) -> 0 | DX42: =+SUM(V42:AG42) -> 0 | DY42: =+SUM(DF42:DN42) -> 0 | DZ42: =+SUM(AH42:AJ42) -> 0 | EA42: =+SUM(AT42:AW42) -> 0 | EB42: No evalua | EC42: =+SUM(AK42:AO42) -> 0 | ED42: No evalua | EE42: =+SUM(AP42+AQ42+AR42+AS42+BB42+BF42) -> 0 | EF42: =+SUM(DB42:DE42) -> 0 | EG42: =+SUM(CV42:DA42) -> 0 | EH42: =+SUM(DO42:DQ42) -> 0 | EI42: =+SUM(DS42:DW42) -> 0 | EJ42: =+SUM(DX42:EE42) -> 0 | EK42: =+SUM(EF42:EG42) -> 0 | EL42: =+SUM(EH42:EK42) -> 0 | EN42: =+SUM(DO42/52)*100 -> 0 | EO42: =+SUM(DP42/48)*100 -> 0 | EP42: =+SUM(DQ42/20)*100 -> 0 | EQ42: No aplica | ER42: =+SUM(DS42/20)*100 -> 0 | ES42: =+SUM(DT42/12)*100 -> 0 | ET42: =+SUM(DU42/12)*100 -> 0 | EU42: =+SUM(DV42/16)*100 -> 0 | EV42: =+SUM(DW42/12)*100 -> 0 | EW42: =+SUM(DX42/48)*100 -> 0 | EX42: =+SUM(DY42/36)*100 -> 0 | EY42: =+SUM(DZ42/12)*100 -> 0 | EZ42: =+SUM(EA42/16)*100 -> 0 | FA42: No evalua | FB42: =+SUM(EC42/20)*100 -> 0 | FC42: No evalua | FD42: =+SUM(EE42/24)*100 -> 0 | FE42: =+SUM(EF42/16)*100 -> 0 | FF42: =+SUM(EG42/24)*100 -> 0 | FG42: =+SUM(EH42/120)*100 -> 0 | FH42: =+SUM(EI42/72)*100 -> 0 | FI42: =+SUM(EJ42/156)*100 -> 0 | FJ42: =+SUM(EK42/40)*100 -> 0 | FK42: =+SUM(EL42/388)*100 -> 0 | FM42: =EL42+'EXTRALABORAL B '!BH224 -> 0 | FN42: =+(FM42/512)*100 -> 0
... A111: 108 | DO111: =+SUM(BR111:CD111) -> 0 | DP111: =+SUM(CE111:CP111) -> 0 | DQ111: =+SUM(CQ111:CU111) -> 0 | DR111: No aplica | DS111: =+SUM(BJ111:BN111) -> 0 | DT111: =+SUM(BO111:BQ111) -> 0 | DU111: =+SUM(BG111:BI111) -> 0 | DV111: =+SUM(AX111:BA111) -> 0 | DW111: =+SUM(BC111:BE111) -> 0 | DX111: =+SUM(V111:AG111) -> 0 | DY111: =+SUM(DF111:DN111) -> 0 | DZ111: =+SUM(AH111:AJ111) -> 0 | EA111: =+SUM(AT111:AW111) -> 0 | EB111: No evalua | EC111: =+SUM(AK111:AO111) -> 0 | ED111: No evalua | EE111: =+SUM(AP111+AQ111+AR111+AS111+BB111+BF111) -> 0 | EF111: =+SUM(DB111:DE111) -> 0 | EG111: =+SUM(CV111:DA111) -> 0 | EH111: =+SUM(DO111:DQ111) -> 0 | EI111: =+SUM(DS111:DW111) -> 0 | EJ111: =+SUM(DX111:EE111) -> 0 | EK111: =+SUM(EF111:EG111) -> 0 | EL111: =+SUM(EH111:EK111) -> 0 | EN111: =+SUM(DO111/52)*100 -> 0 | EO111: =+SUM(DP111/48)*100 -> 0 | EP111: =+SUM(DQ111/20)*100 -> 0 | EQ111: No aplica | ER111: =+SUM(DS111/20)*100 -> 0 | ES111: =+SUM(DT111/12)*100 -> 0 | ET111: =+SUM(DU111/12)*100 -> 0 | EU111: =+SUM(DV111/16)*100 -> 0 | EV111: =+SUM(DW111/12)*100 -> 0 | EW111: =+SUM(DX111/48)*100 -> 0 | EX111: =+SUM(DY111/36)*100 -> 0 | EY111: =+SUM(DZ111/12)*100 -> 0 | EZ111: =+SUM(EA111/16)*100 -> 0 | FA111: No evalua | FB111: =+SUM(EC111/20)*100 -> 0 | FC111: No evalua | FD111: =+SUM(EE111/24)*100 -> 0 | FE111: =+SUM(EF111/16)*100 -> 0 | FF111: =+SUM(EG111/24)*100 -> 0 | FG111: =+SUM(EH111/120)*100 -> 0 | FH111: =+SUM(EI111/72)*100 -> 0 | FI111: =+SUM(EJ111/156)*100 -> 0 | FJ111: =+SUM(EK111/40)*100 -> 0 | FK111: =+SUM(EL111/388)*100 -> 0 | FM111: =EL111+'EXTRALABORAL B '!BH293 -> 0 | FN111: =+(FM111/512)*100 -> 0
A112: 109 | DO112: =+SUM(BR112:CD112) -> 0 | DP112: =+SUM(CE112:CP112) -> 0 | DQ112: =+SUM(CQ112:CU112) -> 0 | DR112: No aplica | DS112: =+SUM(BJ112:BN112) -> 0 | DT112: =+SUM(BO112:BQ112) -> 0 | DU112: =+SUM(BG112:BI112) -> 0 | DV112: =+SUM(AX112:BA112) -> 0 | DW112: =+SUM(BC112:BE112) -> 0 | DX112: =+SUM(V112:AG112) -> 0 | DY112: =+SUM(DF112:DN112) -> 0 | DZ112: =+SUM(AH112:AJ112) -> 0 | EA112: =+SUM(AT112:AW112) -> 0 | EB112: No evalua | EC112: =+SUM(AK112:AO112) -> 0 | ED112: No evalua | EE112: =+SUM(AP112+AQ112+AR112+AS112+BB112+BF112) -> 0 | EF112: =+SUM(DB112:DE112) -> 0 | EG112: =+SUM(CV112:DA112) -> 0 | EH112: =+SUM(DO112:DQ112) -> 0 | EI112: =+SUM(DS112:DW112) -> 0 | EJ112: =+SUM(DX112:EE112) -> 0 | EK112: =+SUM(EF112:EG112) -> 0 | EL112: =+SUM(EH112:EK112) -> 0 | EN112: =+SUM(DO112/52)*100 -> 0 | EO112: =+SUM(DP112/48)*100 -> 0 | EP112: =+SUM(DQ112/20)*100 -> 0 | EQ112: No aplica | ER112: =+SUM(DS112/20)*100 -> 0 | ES112: =+SUM(DT112/12)*100 -> 0 | ET112: =+SUM(DU112/12)*100 -> 0 | EU112: =+SUM(DV112/16)*100 -> 0 | EV112: =+SUM(DW112/12)*100 -> 0 | EW112: =+SUM(DX112/48)*100 -> 0 | EX112: =+SUM(DY112/36)*100 -> 0 | EY112: =+SUM(DZ112/12)*100 -> 0 | EZ112: =+SUM(EA112/16)*100 -> 0 | FA112: No evalua | FB112: =+SUM(EC112/20)*100 -> 0 | FC112: No evalua | FD112: =+SUM(EE112/24)*100 -> 0 | FE112: =+SUM(EF112/16)*100 -> 0 | FF112: =+SUM(EG112/24)*100 -> 0 | FG112: =+SUM(EH112/120)*100 -> 0 | FH112: =+SUM(EI112/72)*100 -> 0 | FI112: =+SUM(EJ112/156)*100 -> 0 | FJ112: =+SUM(EK112/40)*100 -> 0 | FK112: =+SUM(EL112/388)*100 -> 0 | FM112: =EL112+'EXTRALABORAL B '!BH295 -> 0 | FN112: =+(FM112/512)*100 -> 0
A113: 110 | DO113: =+SUM(BR113:CD113) -> 0 | DP113: =+SUM(CE113:CP113) -> 0 | DQ113: =+SUM(CQ113:CU113) -> 0 | DR113: No aplica | DS113: =+SUM(BJ113:BN113) -> 0 | DT113: =+SUM(BO113:BQ113) -> 0 | DU113: =+SUM(BG113:BI113) -> 0 | DV113: =+SUM(AX113:BA113) -> 0 | DW113: =+SUM(BC113:BE113) -> 0 | DX113: =+SUM(V113:AG113) -> 0 | DY113: =+SUM(DF113:DN113) -> 0 | DZ113: =+SUM(AH113:AJ113) -> 0 | EA113: =+SUM(AT113:AW113) -> 0 | EB113: No evalua | EC113: =+SUM(AK113:AO113) -> 0 | ED113: No evalua | EE113: =+SUM(AP113+AQ113+AR113+AS113+BB113+BF113) -> 0 | EF113: =+SUM(DB113:DE113) -> 0 | EG113: =+SUM(CV113:DA113) -> 0 | EH113: =+SUM(DO113:DQ113) -> 0 | EI113: =+SUM(DS113:DW113) -> 0 | EJ113: =+SUM(DX113:EE113) -> 0 | EK113: =+SUM(EF113:EG113) -> 0 | EL113: =+SUM(EH113:EK113) -> 0 | EN113: =+SUM(DO113/52)*100 -> 0 | EO113: =+SUM(DP113/48)*100 -> 0 | EP113: =+SUM(DQ113/20)*100 -> 0 | EQ113: No aplica | ER113: =+SUM(DS113/20)*100 -> 0 | ES113: =+SUM(DT113/12)*100 -> 0 | ET113: =+SUM(DU113/12)*100 -> 0 | EU113: =+SUM(DV113/16)*100 -> 0 | EV113: =+SUM(DW113/12)*100 -> 0 | EW113: =+SUM(DX113/48)*100 -> 0 | EX113: =+SUM(DY113/36)*100 -> 0 | EY113: =+SUM(DZ113/12)*100 -> 0 | EZ113: =+SUM(EA113/16)*100 -> 0 | FA113: No evalua | FB113: =+SUM(EC113/20)*100 -> 0 | FC113: No evalua | FD113: =+SUM(EE113/24)*100 -> 0 | FE113: =+SUM(EF113/16)*100 -> 0 | FF113: =+SUM(EG113/24)*100 -> 0 | FG113: =+SUM(EH113/120)*100 -> 0 | FH113: =+SUM(EI113/72)*100 -> 0 | FI113: =+SUM(EJ113/156)*100 -> 0 | FJ113: =+SUM(EK113/40)*100 -> 0 | FK113: =+SUM(EL113/388)*100 -> 0 | FM113: =EL113+'EXTRALABORAL B '!BH296 -> 0 | FN113: =+(FM113/512)*100 -> 0
A114: 111 | DO114: =+SUM(BR114:CD114) -> 0 | DP114: =+SUM(CE114:CP114) -> 0 | DQ114: =+SUM(CQ114:CU114) -> 0 | DR114: No aplica | DS114: =+SUM(BJ114:BN114) -> 0 | DT114: =+SUM(BO114:BQ114) -> 0 | DU114: =+SUM(BG114:BI114) -> 0 | DV114: =+SUM(AX114:BA114) -> 0 | DW114: =+SUM(BC114:BE114) -> 0 | DX114: =+SUM(V114:AG114) -> 0 | DY114: =+SUM(DF114:DN114) -> 0 | DZ114: =+SUM(AH114:AJ114) -> 0 | EA114: =+SUM(AT114:AW114) -> 0 | EB114: No evalua | EC114: =+SUM(AK114:AO114) -> 0 | ED114: No evalua | EE114: =+SUM(AP114+AQ114+AR114+AS114+BB114+BF114) -> 0 | EF114: =+SUM(DB114:DE114) -> 0 | EG114: =+SUM(CV114:DA114) -> 0 | EH114: =+SUM(DO114:DQ114) -> 0 | EI114: =+SUM(DS114:DW114) -> 0 | EJ114: =+SUM(DX114:EE114) -> 0 | EK114: =+SUM(EF114:EG114) -> 0 | EL114: =+SUM(EH114:EK114) -> 0 | EN114: =+SUM(DO114/52)*100 -> 0 | EO114: =+SUM(DP114/48)*100 -> 0 | EP114: =+SUM(DQ114/20)*100 -> 0 | EQ114: No aplica | ER114: =+SUM(DS114/20)*100 -> 0 | ES114: =+SUM(DT114/12)*100 -> 0 | ET114: =+SUM(DU114/12)*100 -> 0 | EU114: =+SUM(DV114/16)*100 -> 0 | EV114: =+SUM(DW114/12)*100 -> 0 | EW114: =+SUM(DX114/48)*100 -> 0 | EX114: =+SUM(DY114/36)*100 -> 0 | EY114: =+SUM(DZ114/12)*100 -> 0 | EZ114: =+SUM(EA114/16)*100 -> 0 | FA114: No evalua | FB114: =+SUM(EC114/20)*100 -> 0 | FC114: No evalua | FD114: =+SUM(EE114/24)*100 -> 0 | FE114: =+SUM(EF114/16)*100 -> 0 | FF114: =+SUM(EG114/24)*100 -> 0 | FG114: =+SUM(EH114/120)*100 -> 0 | FH114: =+SUM(EI114/72)*100 -> 0 | FI114: =+SUM(EJ114/156)*100 -> 0 | FJ114: =+SUM(EK114/40)*100 -> 0 | FK114: =+SUM(EL114/388)*100 -> 0 | FM114: =EL114+'EXTRALABORAL B '!BH297 -> 0 | FN114: =+(FM114/512)*100 -> 0
A115: 112 | DO115: =+SUM(BR115:CD115) -> 0 | DP115: =+SUM(CE115:CP115) -> 0 | DQ115: =+SUM(CQ115:CU115) -> 0 | DR115: No aplica | DS115: =+SUM(BJ115:BN115) -> 0 | DT115: =+SUM(BO115:BQ115) -> 0 | DU115: =+SUM(BG115:BI115) -> 0 | DV115: =+SUM(AX115:BA115) -> 0 | DW115: =+SUM(BC115:BE115) -> 0 | DX115: =+SUM(V115:AG115) -> 0 | DY115: =+SUM(DF115:DN115) -> 0 | DZ115: =+SUM(AH115:AJ115) -> 0 | EA115: =+SUM(AT115:AW115) -> 0 | EB115: No evalua | EC115: =+SUM(AK115:AO115) -> 0 | ED115: No evalua | EE115: =+SUM(AP115+AQ115+AR115+AS115+BB115+BF115) -> 0 | EF115: =+SUM(DB115:DE115) -> 0 | EG115: =+SUM(CV115:DA115) -> 0 | EH115: =+SUM(DO115:DQ115) -> 0 | EI115: =+SUM(DS115:DW115) -> 0 | EJ115: =+SUM(DX115:EE115) -> 0 | EK115: =+SUM(EF115:EG115) -> 0 | EL115: =+SUM(EH115:EK115) -> 0 | EN115: =+SUM(DO115/52)*100 -> 0 | EO115: =+SUM(DP115/48)*100 -> 0 | EP115: =+SUM(DQ115/20)*100 -> 0 | EQ115: No aplica | ER115: =+SUM(DS115/20)*100 -> 0 | ES115: =+SUM(DT115/12)*100 -> 0 | ET115: =+SUM(DU115/12)*100 -> 0 | EU115: =+SUM(DV115/16)*100 -> 0 | EV115: =+SUM(DW115/12)*100 -> 0 | EW115: =+SUM(DX115/48)*100 -> 0 | EX115: =+SUM(DY115/36)*100 -> 0 | EY115: =+SUM(DZ115/12)*100 -> 0 | EZ115: =+SUM(EA115/16)*100 -> 0 | FA115: No evalua | FB115: =+SUM(EC115/20)*100 -> 0 | FC115: No evalua | FD115: =+SUM(EE115/24)*100 -> 0 | FE115: =+SUM(EF115/16)*100 -> 0 | FF115: =+SUM(EG115/24)*100 -> 0 | FG115: =+SUM(EH115/120)*100 -> 0 | FH115: =+SUM(EI115/72)*100 -> 0 | FI115: =+SUM(EJ115/156)*100 -> 0 | FJ115: =+SUM(EK115/40)*100 -> 0 | FK115: =+SUM(EL115/388)*100 -> 0 | FM115: =EL115+'EXTRALABORAL B '!BH298 -> 0 | FN115: =+(FM115/512)*100 -> 0
A116: 113 | DO116: =+SUM(BR116:CD116) -> 0 | DP116: =+SUM(CE116:CP116) -> 0 | DQ116: =+SUM(CQ116:CU116) -> 0 | DR116: No aplica | DS116: =+SUM(BJ116:BN116) -> 0 | DT116: =+SUM(BO116:BQ116) -> 0 | DU116: =+SUM(BG116:BI116) -> 0 | DV116: =+SUM(AX116:BA116) -> 0 | DW116: =+SUM(BC116:BE116) -> 0 | DX116: =+SUM(V116:AG116) -> 0 | DY116: =+SUM(DF116:DN116) -> 0 | DZ116: =+SUM(AH116:AJ116) -> 0 | EA116: =+SUM(AT116:AW116) -> 0 | EB116: No evalua | EC116: =+SUM(AK116:AO116) -> 0 | ED116: No evalua | EE116: =+SUM(AP116+AQ116+AR116+AS116+BB116+BF116) -> 0 | EF116: =+SUM(DB116:DE116) -> 0 | EG116: =+SUM(CV116:DA116) -> 0 | EH116: =+SUM(DO116:DQ116) -> 0 | EI116: =+SUM(DS116:DW116) -> 0 | EJ116: =+SUM(DX116:EE116) -> 0 | EK116: =+SUM(EF116:EG116) -> 0 | EL116: =+SUM(EH116:EK116) -> 0 | EN116: =+SUM(DO116/52)*100 -> 0 | EO116: =+SUM(DP116/48)*100 -> 0 | EP116: =+SUM(DQ116/20)*100 -> 0 | EQ116: No aplica | ER116: =+SUM(DS116/20)*100 -> 0 | ES116: =+SUM(DT116/12)*100 -> 0 | ET116: =+SUM(DU116/12)*100 -> 0 | EU116: =+SUM(DV116/16)*100 -> 0 | EV116: =+SUM(DW116/12)*100 -> 0 | EW116: =+SUM(DX116/48)*100 -> 0 | EX116: =+SUM(DY116/36)*100 -> 0 | EY116: =+SUM(DZ116/12)*100 -> 0 | EZ116: =+SUM(EA116/16)*100 -> 0 | FA116: No evalua | FB116: =+SUM(EC116/20)*100 -> 0 | FC116: No evalua | FD116: =+SUM(EE116/24)*100 -> 0 | FE116: =+SUM(EF116/16)*100 -> 0 | FF116: =+SUM(EG116/24)*100 -> 0 | FG116: =+SUM(EH116/120)*100 -> 0 | FH116: =+SUM(EI116/72)*100 -> 0 | FI116: =+SUM(EJ116/156)*100 -> 0 | FJ116: =+SUM(EK116/40)*100 -> 0 | FK116: =+SUM(EL116/388)*100 -> 0 | FM116: =EL116+'EXTRALABORAL B '!BH299 -> 0 | FN116: =+(FM116/512)*100 -> 0
A117: 114 | DO117: =+SUM(BR117:CD117) -> 0 | DP117: =+SUM(CE117:CP117) -> 0 | DQ117: =+SUM(CQ117:CU117) -> 0 | DR117: No aplica | DS117: =+SUM(BJ117:BN117) -> 0 | DT117: =+SUM(BO117:BQ117) -> 0 | DU117: =+SUM(BG117:BI117) -> 0 | DV117: =+SUM(AX117:BA117) -> 0 | DW117: =+SUM(BC117:BE117) -> 0 | DX117: =+SUM(V117:AG117) -> 0 | DY117: =+SUM(DF117:DN117) -> 0 | DZ117: =+SUM(AH117:AJ117) -> 0 | EA117: =+SUM(AT117:AW117) -> 0 | EB117: No evalua | EC117: =+SUM(AK117:AO117) -> 0 | ED117: No evalua | EE117: =+SUM(AP117+AQ117+AR117+AS117+BB117+BF117) -> 0 | EF117: =+SUM(DB117:DE117) -> 0 | EG117: =+SUM(CV117:DA117) -> 0 | EH117: =+SUM(DO117:DQ117) -> 0 | EI117: =+SUM(DS117:DW117) -> 0 | EJ117: =+SUM(DX117:EE117) -> 0 | EK117: =+SUM(EF117:EG117) -> 0 | EL117: =+SUM(EH117:EK117) -> 0 | EN117: =+SUM(DO117/52)*100 -> 0 | EO117: =+SUM(DP117/48)*100 -> 0 | EP117: =+SUM(DQ117/20)*100 -> 0 | EQ117: No aplica | ER117: =+SUM(DS117/20)*100 -> 0 | ES117: =+SUM(DT117/12)*100 -> 0 | ET117: =+SUM(DU117/12)*100 -> 0 | EU117: =+SUM(DV117/16)*100 -> 0 | EV117: =+SUM(DW117/12)*100 -> 0 | EW117: =+SUM(DX117/48)*100 -> 0 | EX117: =+SUM(DY117/36)*100 -> 0 | EY117: =+SUM(DZ117/12)*100 -> 0 | EZ117: =+SUM(EA117/16)*100 -> 0 | FA117: No evalua | FB117: =+SUM(EC117/20)*100 -> 0 | FC117: No evalua | FD117: =+SUM(EE117/24)*100 -> 0 | FE117: =+SUM(EF117/16)*100 -> 0 | FF117: =+SUM(EG117/24)*100 -> 0 | FG117: =+SUM(EH117/120)*100 -> 0 | FH117: =+SUM(EI117/72)*100 -> 0 | FI117: =+SUM(EJ117/156)*100 -> 0 | FJ117: =+SUM(EK117/40)*100 -> 0 | FK117: =+SUM(EL117/388)*100 -> 0 | FM117: =EL117+'EXTRALABORAL B '!BH300 -> 0 | FN117: =+(FM117/512)*100 -> 0
A118: 115 | DO118: =+SUM(BR118:CD118) -> 0 | DP118: =+SUM(CE118:CP118) -> 0 | DQ118: =+SUM(CQ118:CU118) -> 0 | DR118: No aplica | DS118: =+SUM(BJ118:BN118) -> 0 | DT118: =+SUM(BO118:BQ118) -> 0 | DU118: =+SUM(BG118:BI118) -> 0 | DV118: =+SUM(AX118:BA118) -> 0 | DW118: =+SUM(BC118:BE118) -> 0 | DX118: =+SUM(V118:AG118) -> 0 | DY118: =+SUM(DF118:DN118) -> 0 | DZ118: =+SUM(AH118:AJ118) -> 0 | EA118: =+SUM(AT118:AW118) -> 0 | EB118: No evalua | EC118: =+SUM(AK118:AO118) -> 0 | ED118: No evalua | EE118: =+SUM(AP118+AQ118+AR118+AS118+BB118+BF118) -> 0 | EF118: =+SUM(DB118:DE118) -> 0 | EG118: =+SUM(CV118:DA118) -> 0 | EH118: =+SUM(DO118:DQ118) -> 0 | EI118: =+SUM(DS118:DW118) -> 0 | EJ118: =+SUM(DX118:EE118) -> 0 | EK118: =+SUM(EF118:EG118) -> 0 | EL118: =+SUM(EH118:EK118) -> 0 | EN118: =+SUM(DO118/52)*100 -> 0 | EO118: =+SUM(DP118/48)*100 -> 0 | EP118: =+SUM(DQ118/20)*100 -> 0 | EQ118: No aplica | ER118: =+SUM(DS118/20)*100 -> 0 | ES118: =+SUM(DT118/12)*100 -> 0 | ET118: =+SUM(DU118/12)*100 -> 0 | EU118: =+SUM(DV118/16)*100 -> 0 | EV118: =+SUM(DW118/12)*100 -> 0 | EW118: =+SUM(DX118/48)*100 -> 0 | EX118: =+SUM(DY118/36)*100 -> 0 | EY118: =+SUM(DZ118/12)*100 -> 0 | EZ118: =+SUM(EA118/16)*100 -> 0 | FA118: No evalua | FB118: =+SUM(EC118/20)*100 -> 0 | FC118: No evalua | FD118: =+SUM(EE118/24)*100 -> 0 | FE118: =+SUM(EF118/16)*100 -> 0 | FF118: =+SUM(EG118/24)*100 -> 0 | FG118: =+SUM(EH118/120)*100 -> 0 | FH118: =+SUM(EI118/72)*100 -> 0 | FI118: =+SUM(EJ118/156)*100 -> 0 | FJ118: =+SUM(EK118/40)*100 -> 0 | FK118: =+SUM(EL118/388)*100 -> 0 | FM118: =EL118+'EXTRALABORAL B '!BH301 -> 0 | FN118: =+(FM118/512)*100 -> 0
A119: 116 | DO119: =+SUM(BR119:CD119) -> 0 | DP119: =+SUM(CE119:CP119) -> 0 | DQ119: =+SUM(CQ119:CU119) -> 0 | DR119: No aplica | DS119: =+SUM(BJ119:BN119) -> 0 | DT119: =+SUM(BO119:BQ119) -> 0 | DU119: =+SUM(BG119:BI119) -> 0 | DV119: =+SUM(AX119:BA119) -> 0 | DW119: =+SUM(BC119:BE119) -> 0 | DX119: =+SUM(V119:AG119) -> 0 | DY119: =+SUM(DF119:DN119) -> 0 | DZ119: =+SUM(AH119:AJ119) -> 0 | EA119: =+SUM(AT119:AW119) -> 0 | EB119: No evalua | EC119: =+SUM(AK119:AO119) -> 0 | ED119: No evalua | EE119: =+SUM(AP119+AQ119+AR119+AS119+BB119+BF119) -> 0 | EF119: =+SUM(DB119:DE119) -> 0 | EG119: =+SUM(CV119:DA119) -> 0 | EH119: =+SUM(DO119:DQ119) -> 0 | EI119: =+SUM(DS119:DW119) -> 0 | EJ119: =+SUM(DX119:EE119) -> 0 | EK119: =+SUM(EF119:EG119) -> 0 | EL119: =+SUM(EH119:EK119) -> 0 | EN119: =+SUM(DO119/52)*100 -> 0 | EO119: =+SUM(DP119/48)*100 -> 0 | EP119: =+SUM(DQ119/20)*100 -> 0 | EQ119: No aplica | ER119: =+SUM(DS119/20)*100 -> 0 | ES119: =+SUM(DT119/12)*100 -> 0 | ET119: =+SUM(DU119/12)*100 -> 0 | EU119: =+SUM(DV119/16)*100 -> 0 | EV119: =+SUM(DW119/12)*100 -> 0 | EW119: =+SUM(DX119/48)*100 -> 0 | EX119: =+SUM(DY119/36)*100 -> 0 | EY119: =+SUM(DZ119/12)*100 -> 0 | EZ119: =+SUM(EA119/16)*100 -> 0 | FA119: No evalua | FB119: =+SUM(EC119/20)*100 -> 0 | FC119: No evalua | FD119: =+SUM(EE119/24)*100 -> 0 | FE119: =+SUM(EF119/16)*100 -> 0 | FF119: =+SUM(EG119/24)*100 -> 0 | FG119: =+SUM(EH119/120)*100 -> 0 | FH119: =+SUM(EI119/72)*100 -> 0 | FI119: =+SUM(EJ119/156)*100 -> 0 | FJ119: =+SUM(EK119/40)*100 -> 0 | FK119: =+SUM(EL119/388)*100 -> 0 | FM119: =EL119+'EXTRALABORAL B '!BH302 -> 0 | FN119: =+(FM119/512)*100 -> 0
A120: 117 | DO120: =+SUM(BR120:CD120) -> 0 | DP120: =+SUM(CE120:CP120) -> 0 | DQ120: =+SUM(CQ120:CU120) -> 0 | DR120: No aplica | DS120: =+SUM(BJ120:BN120) -> 0 | DT120: =+SUM(BO120:BQ120) -> 0 | DU120: =+SUM(BG120:BI120) -> 0 | DV120: =+SUM(AX120:BA120) -> 0 | DW120: =+SUM(BC120:BE120) -> 0 | DX120: =+SUM(V120:AG120) -> 0 | DY120: =+SUM(DF120:DN120) -> 0 | DZ120: =+SUM(AH120:AJ120) -> 0 | EA120: =+SUM(AT120:AW120) -> 0 | EB120: No evalua | EC120: =+SUM(AK120:AO120) -> 0 | ED120: No evalua | EE120: =+SUM(AP120+AQ120+AR120+AS120+BB120+BF120) -> 0 | EF120: =+SUM(DB120:DE120) -> 0 | EG120: =+SUM(CV120:DA120) -> 0 | EH120: =+SUM(DO120:DQ120) -> 0 | EI120: =+SUM(DS120:DW120) -> 0 | EJ120: =+SUM(DX120:EE120) -> 0 | EK120: =+SUM(EF120:EG120) -> 0 | EL120: =+SUM(EH120:EK120) -> 0 | EN120: =+SUM(DO120/52)*100 -> 0 | EO120: =+SUM(DP120/48)*100 -> 0 | EP120: =+SUM(DQ120/20)*100 -> 0 | EQ120: No aplica | ER120: =+SUM(DS120/20)*100 -> 0 | ES120: =+SUM(DT120/12)*100 -> 0 | ET120: =+SUM(DU120/12)*100 -> 0 | EU120: =+SUM(DV120/16)*100 -> 0 | EV120: =+SUM(DW120/12)*100 -> 0 | EW120: =+SUM(DX120/48)*100 -> 0 | EX120: =+SUM(DY120/36)*100 -> 0 | EY120: =+SUM(DZ120/12)*100 -> 0 | EZ120: =+SUM(EA120/16)*100 -> 0 | FA120: No evalua | FB120: =+SUM(EC120/20)*100 -> 0 | FC120: No evalua | FD120: =+SUM(EE120/24)*100 -> 0 | FE120: =+SUM(EF120/16)*100 -> 0 | FF120: =+SUM(EG120/24)*100 -> 0 | FG120: =+SUM(EH120/120)*100 -> 0 | FH120: =+SUM(EI120/72)*100 -> 0 | FI120: =+SUM(EJ120/156)*100 -> 0 | FJ120: =+SUM(EK120/40)*100 -> 0 | FK120: =+SUM(EL120/388)*100 -> 0 | FM120: =EL120+'EXTRALABORAL B '!BH303 -> 0 | FN120: =+(FM120/512)*100 -> 0
A121: 118 | DO121: =+SUM(BR121:CD121) -> 0 | DP121: =+SUM(CE121:CP121) -> 0 | DQ121: =+SUM(CQ121:CU121) -> 0 | DR121: No aplica | DS121: =+SUM(BJ121:BN121) -> 0 | DT121: =+SUM(BO121:BQ121) -> 0 | DU121: =+SUM(BG121:BI121) -> 0 | DV121: =+SUM(AX121:BA121) -> 0 | DW121: =+SUM(BC121:BE121) -> 0 | DX121: =+SUM(V121:AG121) -> 0 | DY121: =+SUM(DF121:DN121) -> 0 | DZ121: =+SUM(AH121:AJ121) -> 0 | EA121: =+SUM(AT121:AW121) -> 0 | EB121: No evalua | EC121: =+SUM(AK121:AO121) -> 0 | ED121: No evalua | EE121: =+SUM(AP121+AQ121+AR121+AS121+BB121+BF121) -> 0 | EF121: =+SUM(DB121:DE121) -> 0 | EG121: =+SUM(CV121:DA121) -> 0 | EH121: =+SUM(DO121:DQ121) -> 0 | EI121: =+SUM(DS121:DW121) -> 0 | EJ121: =+SUM(DX121:EE121) -> 0 | EK121: =+SUM(EF121:EG121) -> 0 | EL121: =+SUM(EH121:EK121) -> 0 | EN121: =+SUM(DO121/52)*100 -> 0 | EO121: =+SUM(DP121/48)*100 -> 0 | EP121: =+SUM(DQ121/20)*100 -> 0 | EQ121: No aplica | ER121: =+SUM(DS121/20)*100 -> 0 | ES121: =+SUM(DT121/12)*100 -> 0 | ET121: =+SUM(DU121/12)*100 -> 0 | EU121: =+SUM(DV121/16)*100 -> 0 | EV121: =+SUM(DW121/12)*100 -> 0 | EW121: =+SUM(DX121/48)*100 -> 0 | EX121: =+SUM(DY121/36)*100 -> 0 | EY121: =+SUM(DZ121/12)*100 -> 0 | EZ121: =+SUM(EA121/16)*100 -> 0 | FA121: No evalua | FB121: =+SUM(EC121/20)*100 -> 0 | FC121: No evalua | FD121: =+SUM(EE121/24)*100 -> 0 | FE121: =+SUM(EF121/16)*100 -> 0 | FF121: =+SUM(EG121/24)*100 -> 0 | FG121: =+SUM(EH121/120)*100 -> 0 | FH121: =+SUM(EI121/72)*100 -> 0 | FI121: =+SUM(EJ121/156)*100 -> 0 | FJ121: =+SUM(EK121/40)*100 -> 0 | FK121: =+SUM(EL121/388)*100 -> 0 | FM121: =EL121+'EXTRALABORAL B '!BH304 -> 0 | FN121: =+(FM121/512)*100 -> 0
A122: 119 | DO122: =+SUM(BR122:CD122) -> 0 | DP122: =+SUM(CE122:CP122) -> 0 | DQ122: =+SUM(CQ122:CU122) -> 0 | DR122: No aplica | DS122: =+SUM(BJ122:BN122) -> 0 | DT122: =+SUM(BO122:BQ122) -> 0 | DU122: =+SUM(BG122:BI122) -> 0 | DV122: =+SUM(AX122:BA122) -> 0 | DW122: =+SUM(BC122:BE122) -> 0 | DX122: =+SUM(V122:AG122) -> 0 | DY122: =+SUM(DF122:DN122) -> 0 | DZ122: =+SUM(AH122:AJ122) -> 0 | EA122: =+SUM(AT122:AW122) -> 0 | EB122: No evalua | EC122: =+SUM(AK122:AO122) -> 0 | ED122: No evalua | EE122: =+SUM(AP122+AQ122+AR122+AS122+BB122+BF122) -> 0 | EF122: =+SUM(DB122:DE122) -> 0 | EG122: =+SUM(CV122:DA122) -> 0 | EH122: =+SUM(DO122:DQ122) -> 0 | EI122: =+SUM(DS122:DW122) -> 0 | EJ122: =+SUM(DX122:EE122) -> 0 | EK122: =+SUM(EF122:EG122) -> 0 | EL122: =+SUM(EH122:EK122) -> 0 | EN122: =+SUM(DO122/52)*100 -> 0 | EO122: =+SUM(DP122/48)*100 -> 0 | EP122: =+SUM(DQ122/20)*100 -> 0 | EQ122: No aplica | ER122: =+SUM(DS122/20)*100 -> 0 | ES122: =+SUM(DT122/12)*100 -> 0 | ET122: =+SUM(DU122/12)*100 -> 0 | EU122: =+SUM(DV122/16)*100 -> 0 | EV122: =+SUM(DW122/12)*100 -> 0 | EW122: =+SUM(DX122/48)*100 -> 0 | EX122: =+SUM(DY122/36)*100 -> 0 | EY122: =+SUM(DZ122/12)*100 -> 0 | EZ122: =+SUM(EA122/16)*100 -> 0 | FA122: No evalua | FB122: =+SUM(EC122/20)*100 -> 0 | FC122: No evalua | FD122: =+SUM(EE122/24)*100 -> 0 | FE122: =+SUM(EF122/16)*100 -> 0 | FF122: =+SUM(EG122/24)*100 -> 0 | FG122: =+SUM(EH122/120)*100 -> 0 | FH122: =+SUM(EI122/72)*100 -> 0 | FI122: =+SUM(EJ122/156)*100 -> 0 | FJ122: =+SUM(EK122/40)*100 -> 0 | FK122: =+SUM(EL122/388)*100 -> 0 | FM122: =EL122+'EXTRALABORAL B '!BH305 -> 0 | FN122: =+(FM122/512)*100 -> 0
A123: 120 | DO123: =+SUM(BR123:CD123) -> 0 | DP123: =+SUM(CE123:CP123) -> 0 | DQ123: =+SUM(CQ123:CU123) -> 0 | DR123: No aplica | DS123: =+SUM(BJ123:BN123) -> 0 | DT123: =+SUM(BO123:BQ123) -> 0 | DU123: =+SUM(BG123:BI123) -> 0 | DV123: =+SUM(AX123:BA123) -> 0 | DW123: =+SUM(BC123:BE123) -> 0 | DX123: =+SUM(V123:AG123) -> 0 | DY123: =+SUM(DF123:DN123) -> 0 | DZ123: =+SUM(AH123:AJ123) -> 0 | EA123: =+SUM(AT123:AW123) -> 0 | EB123: No evalua | EC123: =+SUM(AK123:AO123) -> 0 | ED123: No evalua | EE123: =+SUM(AP123+AQ123+AR123+AS123+BB123+BF123) -> 0 | EF123: =+SUM(DB123:DE123) -> 0 | EG123: =+SUM(CV123:DA123) -> 0 | EH123: =+SUM(DO123:DQ123) -> 0 | EI123: =+SUM(DS123:DW123) -> 0 | EJ123: =+SUM(DX123:EE123) -> 0 | EK123: =+SUM(EF123:EG123) -> 0 | EL123: =+SUM(EH123:EK123) -> 0 | EN123: =+SUM(DO123/52)*100 -> 0 | EO123: =+SUM(DP123/48)*100 -> 0 | EP123: =+SUM(DQ123/20)*100 -> 0 | EQ123: No aplica | ER123: =+SUM(DS123/20)*100 -> 0 | ES123: =+SUM(DT123/12)*100 -> 0 | ET123: =+SUM(DU123/12)*100 -> 0 | EU123: =+SUM(DV123/16)*100 -> 0 | EV123: =+SUM(DW123/12)*100 -> 0 | EW123: =+SUM(DX123/48)*100 -> 0 | EX123: =+SUM(DY123/36)*100 -> 0 | EY123: =+SUM(DZ123/12)*100 -> 0 | EZ123: =+SUM(EA123/16)*100 -> 0 | FA123: No evalua | FB123: =+SUM(EC123/20)*100 -> 0 | FC123: No evalua | FD123: =+SUM(EE123/24)*100 -> 0 | FE123: =+SUM(EF123/16)*100 -> 0 | FF123: =+SUM(EG123/24)*100 -> 0 | FG123: =+SUM(EH123/120)*100 -> 0 | FH123: =+SUM(EI123/72)*100 -> 0 | FI123: =+SUM(EJ123/156)*100 -> 0 | FJ123: =+SUM(EK123/40)*100 -> 0 | FK123: =+SUM(EL123/388)*100 -> 0 | FM123: =EL123+'EXTRALABORAL B '!BH306 -> 0 | FN123: =+(FM123/512)*100 -> 0
... A172: 169 | DO172: =+SUM(BR172:CD172) -> 0 | DP172: =+SUM(CE172:CP172) -> 0 | DQ172: =+SUM(CQ172:CU172) -> 0 | DR172: No aplica | DS172: =+SUM(BJ172:BN172) -> 0 | DT172: =+SUM(BO172:BQ172) -> 0 | DU172: =+SUM(BG172:BI172) -> 0 | DV172: =+SUM(AX172:BA172) -> 0 | DW172: =+SUM(BC172:BE172) -> 0 | DX172: =+SUM(V172:AG172) -> 0 | DY172: =+SUM(DF172:DN172) -> 0 | DZ172: =+SUM(AH172:AJ172) -> 0 | EA172: =+SUM(AT172:AW172) -> 0 | EB172: No evalua | EC172: =+SUM(AK172:AO172) -> 0 | ED172: No evalua | EE172: =+SUM(AP172+AQ172+AR172+AS172+BB172+BF172) -> 0 | EF172: =+SUM(DB172:DE172) -> 0 | EG172: =+SUM(CV172:DA172) -> 0 | EH172: =+SUM(DO172:DQ172) -> 0 | EI172: =+SUM(DS172:DW172) -> 0 | EJ172: =+SUM(DX172:EE172) -> 0 | EK172: =+SUM(EF172:EG172) -> 0 | EL172: =+SUM(EH172:EK172) -> 0 | EN172: =+SUM(DO172/52)*100 -> 0 | EO172: =+SUM(DP172/48)*100 -> 0 | EP172: =+SUM(DQ172/20)*100 -> 0 | EQ172: No aplica | ER172: =+SUM(DS172/20)*100 -> 0 | ES172: =+SUM(DT172/12)*100 -> 0 | ET172: =+SUM(DU172/12)*100 -> 0 | EU172: =+SUM(DV172/16)*100 -> 0 | EV172: =+SUM(DW172/12)*100 -> 0 | EW172: =+SUM(DX172/48)*100 -> 0 | EX172: =+SUM(DY172/36)*100 -> 0 | EY172: =+SUM(DZ172/12)*100 -> 0 | EZ172: =+SUM(EA172/16)*100 -> 0 | FA172: No evalua | FB172: =+SUM(EC172/20)*100 -> 0 | FC172: No evalua | FD172: =+SUM(EE172/24)*100 -> 0 | FE172: =+SUM(EF172/16)*100 -> 0 | FF172: =+SUM(EG172/24)*100 -> 0 | FG172: =+SUM(EH172/120)*100 -> 0 | FH172: =+SUM(EI172/72)*100 -> 0 | FI172: =+SUM(EJ172/156)*100 -> 0 | FJ172: =+SUM(EK172/40)*100 -> 0 | FK172: =+SUM(EL172/388)*100 -> 0 | FM172: =EL172+'EXTRALABORAL B '!BH355 -> 0 | FN172: =+(FM172/512)*100 -> 0
A173: 170 | DO173: 2 | DP173: =+SUM(CE173:CP173) -> 0 | DQ173: =+SUM(CQ173:CU173) -> 0 | DR173: No aplica | DS173: =+SUM(BJ173:BN173) -> 0 | DT173: =+SUM(BO173:BQ173) -> 0 | DU173: =+SUM(BG173:BI173) -> 0 | DV173: =+SUM(AX173:BA173) -> 0 | DW173: =+SUM(BC173:BE173) -> 0 | DX173: =+SUM(V173:AG173) -> 0 | DY173: =+SUM(DF173:DN173) -> 0 | DZ173: =+SUM(AH173:AJ173) -> 0 | EA173: =+SUM(AT173:AW173) -> 0 | EB173: No evalua | EC173: =+SUM(AK173:AO173) -> 0 | ED173: No evalua | EE173: =+SUM(AP173+AQ173+AR173+AS173+BB173+BF173) -> 0 | EF173: =+SUM(DB173:DE173) -> 0 | EG173: =+SUM(CV173:DA173) -> 0 | EH173: =+SUM(DO173:DQ173) -> 2 | EI173: =+SUM(DS173:DW173) -> 0 | EJ173: =+SUM(DX173:EE173) -> 0 | EK173: =+SUM(EF173:EG173) -> 0 | EL173: =+SUM(EH173:EK173) -> 2 | EN173: =+SUM(DO173/52)*100 -> 3.8461538 | EO173: =+SUM(DP173/48)*100 -> 0 | EP173: =+SUM(DQ173/20)*100 -> 0 | EQ173: No aplica | ER173: =+SUM(DS173/20)*100 -> 0 | ES173: =+SUM(DT173/12)*100 -> 0 | ET173: =+SUM(DU173/12)*100 -> 0 | EU173: =+SUM(DV173/16)*100 -> 0 | EV173: =+SUM(DW173/12)*100 -> 0 | EW173: =+SUM(DX173/48)*100 -> 0 | EX173: =+SUM(DY173/36)*100 -> 0 | EY173: =+SUM(DZ173/12)*100 -> 0 | EZ173: =+SUM(EA173/16)*100 -> 0 | FA173: No evalua | FB173: =+SUM(EC173/20)*100 -> 0 | FC173: No evalua | FD173: =+SUM(EE173/24)*100 -> 0 | FE173: =+SUM(EF173/16)*100 -> 0 | FF173: =+SUM(EG173/24)*100 -> 0 | FG173: 0 | FH173: =+SUM(EI173/72)*100 -> 0 | FI173: =+SUM(EJ173/156)*100 -> 0 | FJ173: =+SUM(EK173/40)*100 -> 0 | FK173: =+SUM(EL173/388)*100 -> 0.51546392 | FM173: =EL173+'EXTRALABORAL B '!BH356 -> 2 | FN173: =+(FM173/512)*100 -> 0.390625
A174: 171 | DO174: =+SUM(BR174:CD174) -> 0 | DP174: =+SUM(CE174:CP174) -> 0 | DQ174: =+SUM(CQ174:CU174) -> 0 | DR174: No aplica | DS174: =+SUM(BJ174:BN174) -> 0 | DT174: =+SUM(BO174:BQ174) -> 0 | DU174: =+SUM(BG174:BI174) -> 0 | DV174: =+SUM(AX174:BA174) -> 0 | DW174: =+SUM(BC174:BE174) -> 0 | DX174: =+SUM(V174:AG174) -> 0 | DY174: =+SUM(DF174:DN174) -> 0 | DZ174: =+SUM(AH174:AJ174) -> 0 | EA174: =+SUM(AT174:AW174) -> 0 | EB174: No evalua | EC174: =+SUM(AK174:AO174) -> 0 | ED174: No evalua | EE174: =+SUM(AP174+AQ174+AR174+AS174+BB174+BF174) -> 0 | EF174: =+SUM(DB174:DE174) -> 0 | EG174: =+SUM(CV174:DA174) -> 0 | EH174: =+SUM(DO174:DQ174) -> 0 | EI174: =+SUM(DS174:DW174) -> 0 | EJ174: =+SUM(DX174:EE174) -> 0 | EK174: =+SUM(EF174:EG174) -> 0 | EL174: =+SUM(EH174:EK174) -> 0 | EN174: =+SUM(DO174/52)*100 -> 0 | EO174: =+SUM(DP174/48)*100 -> 0 | EP174: =+SUM(DQ174/20)*100 -> 0 | EQ174: No aplica | ER174: =+SUM(DS174/20)*100 -> 0 | ES174: =+SUM(DT174/12)*100 -> 0 | ET174: =+SUM(DU174/12)*100 -> 0 | EU174: =+SUM(DV174/16)*100 -> 0 | EV174: =+SUM(DW174/12)*100 -> 0 | EW174: =+SUM(DX174/48)*100 -> 0 | EX174: =+SUM(DY174/36)*100 -> 0 | EY174: =+SUM(DZ174/12)*100 -> 0 | EZ174: =+SUM(EA174/16)*100 -> 0 | FA174: No evalua | FB174: =+SUM(EC174/20)*100 -> 0 | FC174: No evalua | FD174: =+SUM(EE174/24)*100 -> 0 | FE174: =+SUM(EF174/16)*100 -> 0 | FF174: =+SUM(EG174/24)*100 -> 0 | FG174: =+SUM(EH174/120)*100 -> 0 | FH174: =+SUM(EI174/72)*100 -> 0 | FI174: =+SUM(EJ174/156)*100 -> 0 | FJ174: =+SUM(EK174/40)*100 -> 0 | FK174: =+SUM(EL174/388)*100 -> 0 | FM174: =EL174+'EXTRALABORAL B '!BH357 -> 0 | FN174: =+(FM174/512)*100 -> 0
A175: 172 | DO175: =+SUM(BR175:CD175) -> 0 | DP175: =+SUM(CE175:CP175) -> 0 | DQ175: =+SUM(CQ175:CU175) -> 0 | DR175: No aplica | DS175: =+SUM(BJ175:BN175) -> 0 | DT175: =+SUM(BO175:BQ175) -> 0 | DU175: =+SUM(BG175:BI175) -> 0 | DV175: =+SUM(AX175:BA175) -> 0 | DW175: =+SUM(BC175:BE175) -> 0 | DX175: =+SUM(V175:AG175) -> 0 | DY175: =+SUM(DF175:DN175) -> 0 | DZ175: =+SUM(AH175:AJ175) -> 0 | EA175: =+SUM(AT175:AW175) -> 0 | EB175: No evalua | EC175: =+SUM(AK175:AO175) -> 0 | ED175: No evalua | EE175: =+SUM(AP175+AQ175+AR175+AS175+BB175+BF175) -> 0 | EF175: =+SUM(DB175:DE175) -> 0 | EG175: =+SUM(CV175:DA175) -> 0 | EH175: =+SUM(DO175:DQ175) -> 0 | EI175: =+SUM(DS175:DW175) -> 0 | EJ175: =+SUM(DX175:EE175) -> 0 | EK175: =+SUM(EF175:EG175) -> 0 | EL175: =+SUM(EH175:EK175) -> 0 | EN175: =+SUM(DO175/52)*100 -> 0 | EO175: =+SUM(DP175/48)*100 -> 0 | EP175: =+SUM(DQ175/20)*100 -> 0 | EQ175: No aplica | ER175: =+SUM(DS175/20)*100 -> 0 | ES175: =+SUM(DT175/12)*100 -> 0 | ET175: =+SUM(DU175/12)*100 -> 0 | EU175: =+SUM(DV175/16)*100 -> 0 | EV175: =+SUM(DW175/12)*100 -> 0 | EW175: =+SUM(DX175/48)*100 -> 0 | EX175: =+SUM(DY175/36)*100 -> 0 | EY175: =+SUM(DZ175/12)*100 -> 0 | EZ175: =+SUM(EA175/16)*100 -> 0 | FA175: No evalua | FB175: =+SUM(EC175/20)*100 -> 0 | FC175: No evalua | FD175: =+SUM(EE175/24)*100 -> 0 | FE175: =+SUM(EF175/16)*100 -> 0 | FF175: =+SUM(EG175/24)*100 -> 0 | FG175: =+SUM(EH175/120)*100 -> 0 | FH175: =+SUM(EI175/72)*100 -> 0 | FI175: =+SUM(EJ175/156)*100 -> 0 | FJ175: =+SUM(EK175/40)*100 -> 0 | FK175: =+SUM(EL175/388)*100 -> 0 | FM175: =EL175+'EXTRALABORAL B '!BH358 -> 0 | FN175: =+(FM175/512)*100 -> 0
A176: 173 | DO176: =+SUM(BR176:CD176) -> 0 | DP176: =+SUM(CE176:CP176) -> 0 | DQ176: =+SUM(CQ176:CU176) -> 0 | DR176: No aplica | DS176: =+SUM(BJ176:BN176) -> 0 | DT176: =+SUM(BO176:BQ176) -> 0 | DU176: =+SUM(BG176:BI176) -> 0 | DV176: =+SUM(AX176:BA176) -> 0 | DW176: =+SUM(BC176:BE176) -> 0 | DX176: =+SUM(V176:AG176) -> 0 | DY176: =+SUM(DF176:DN176) -> 0 | DZ176: =+SUM(AH176:AJ176) -> 0 | EA176: =+SUM(AT176:AW176) -> 0 | EB176: No evalua | EC176: =+SUM(AK176:AO176) -> 0 | ED176: No evalua | EE176: =+SUM(AP176+AQ176+AR176+AS176+BB176+BF176) -> 0 | EF176: =+SUM(DB176:DE176) -> 0 | EG176: =+SUM(CV176:DA176) -> 0 | EH176: =+SUM(DO176:DQ176) -> 0 | EI176: =+SUM(DS176:DW176) -> 0 | EJ176: =+SUM(DX176:EE176) -> 0 | EK176: =+SUM(EF176:EG176) -> 0 | EL176: =+SUM(EH176:EK176) -> 0 | EN176: =+SUM(DO176/52)*100 -> 0 | EO176: =+SUM(DP176/48)*100 -> 0 | EP176: =+SUM(DQ176/20)*100 -> 0 | EQ176: No aplica | ER176: =+SUM(DS176/20)*100 -> 0 | ES176: =+SUM(DT176/12)*100 -> 0 | ET176: =+SUM(DU176/12)*100 -> 0 | EU176: =+SUM(DV176/16)*100 -> 0 | EV176: =+SUM(DW176/12)*100 -> 0 | EW176: =+SUM(DX176/48)*100 -> 0 | EX176: =+SUM(DY176/36)*100 -> 0 | EY176: =+SUM(DZ176/12)*100 -> 0 | EZ176: =+SUM(EA176/16)*100 -> 0 | FA176: No evalua | FB176: =+SUM(EC176/20)*100 -> 0 | FC176: No evalua | FD176: =+SUM(EE176/24)*100 -> 0 | FE176: =+SUM(EF176/16)*100 -> 0 | FF176: =+SUM(EG176/24)*100 -> 0 | FG176: =+SUM(EH176/120)*100 -> 0 | FH176: =+SUM(EI176/72)*100 -> 0 | FI176: =+SUM(EJ176/156)*100 -> 0 | FJ176: =+SUM(EK176/40)*100 -> 0 | FK176: =+SUM(EL176/388)*100 -> 0 | FM176: =EL176+'EXTRALABORAL B '!BH359 -> 0 | FN176: =+(FM176/512)*100 -> 0
A177: 174 | DO177: =+SUM(BR177:CD177) -> 0 | DP177: =+SUM(CE177:CP177) -> 0 | DQ177: =+SUM(CQ177:CU177) -> 0 | DR177: No aplica | DS177: =+SUM(BJ177:BN177) -> 0 | DT177: =+SUM(BO177:BQ177) -> 0 | DU177: =+SUM(BG177:BI177) -> 0 | DV177: =+SUM(AX177:BA177) -> 0 | DW177: =+SUM(BC177:BE177) -> 0 | DX177: =+SUM(V177:AG177) -> 0 | DY177: =+SUM(DF177:DN177) -> 0 | DZ177: =+SUM(AH177:AJ177) -> 0 | EA177: =+SUM(AT177:AW177) -> 0 | EB177: No evalua | EC177: =+SUM(AK177:AO177) -> 0 | ED177: No evalua | EE177: =+SUM(AP177+AQ177+AR177+AS177+BB177+BF177) -> 0 | EF177: =+SUM(DB177:DE177) -> 0 | EG177: =+SUM(CV177:DA177) -> 0 | EH177: =+SUM(DO177:DQ177) -> 0 | EI177: =+SUM(DS177:DW177) -> 0 | EJ177: =+SUM(DX177:EE177) -> 0 | EK177: =+SUM(EF177:EG177) -> 0 | EL177: =+SUM(EH177:EK177) -> 0 | EN177: =+SUM(DO177/52)*100 -> 0 | EO177: =+SUM(DP177/48)*100 -> 0 | EP177: =+SUM(DQ177/20)*100 -> 0 | EQ177: No aplica | ER177: =+SUM(DS177/20)*100 -> 0 | ES177: =+SUM(DT177/12)*100 -> 0 | ET177: =+SUM(DU177/12)*100 -> 0 | EU177: =+SUM(DV177/16)*100 -> 0 | EV177: =+SUM(DW177/12)*100 -> 0 | EW177: =+SUM(DX177/48)*100 -> 0 | EX177: =+SUM(DY177/36)*100 -> 0 | EY177: =+SUM(DZ177/12)*100 -> 0 | EZ177: =+SUM(EA177/16)*100 -> 0 | FA177: No evalua | FB177: =+SUM(EC177/20)*100 -> 0 | FC177: No evalua | FD177: =+SUM(EE177/24)*100 -> 0 | FE177: =+SUM(EF177/16)*100 -> 0 | FF177: =+SUM(EG177/24)*100 -> 0 | FG177: =+SUM(EH177/120)*100 -> 0 | FH177: =+SUM(EI177/72)*100 -> 0 | FI177: =+SUM(EJ177/156)*100 -> 0 | FJ177: =+SUM(EK177/40)*100 -> 0 | FK177: =+SUM(EL177/388)*100 -> 0 | FM177: =EL177+'EXTRALABORAL B '!BH360 -> 0 | FN177: =+(FM177/512)*100 -> 0
A178: 175 | DO178: =+SUM(BR178:CD178) -> 0 | DP178: =+SUM(CE178:CP178) -> 0 | DQ178: =+SUM(CQ178:CU178) -> 0 | DR178: No aplica | DS178: =+SUM(BJ178:BN178) -> 0 | DT178: =+SUM(BO178:BQ178) -> 0 | DU178: =+SUM(BG178:BI178) -> 0 | DV178: =+SUM(AX178:BA178) -> 0 | DW178: =+SUM(BC178:BE178) -> 0 | DX178: =+SUM(V178:AG178) -> 0 | DY178: =+SUM(DF178:DN178) -> 0 | DZ178: =+SUM(AH178:AJ178) -> 0 | EA178: =+SUM(AT178:AW178) -> 0 | EB178: No evalua | EC178: =+SUM(AK178:AO178) -> 0 | ED178: No evalua | EE178: =+SUM(AP178+AQ178+AR178+AS178+BB178+BF178) -> 0 | EF178: =+SUM(DB178:DE178) -> 0 | EG178: =+SUM(CV178:DA178) -> 0 | EH178: =+SUM(DO178:DQ178) -> 0 | EI178: =+SUM(DS178:DW178) -> 0 | EJ178: =+SUM(DX178:EE178) -> 0 | EK178: =+SUM(EF178:EG178) -> 0 | EL178: =+SUM(EH178:EK178) -> 0 | EN178: =+SUM(DO178/52)*100 -> 0 | EO178: =+SUM(DP178/48)*100 -> 0 | EP178: =+SUM(DQ178/20)*100 -> 0 | EQ178: No aplica | ER178: =+SUM(DS178/20)*100 -> 0 | ES178: =+SUM(DT178/12)*100 -> 0 | ET178: =+SUM(DU178/12)*100 -> 0 | EU178: =+SUM(DV178/16)*100 -> 0 | EV178: =+SUM(DW178/12)*100 -> 0 | EW178: =+SUM(DX178/48)*100 -> 0 | EX178: =+SUM(DY178/36)*100 -> 0 | EY178: =+SUM(DZ178/12)*100 -> 0 | EZ178: =+SUM(EA178/16)*100 -> 0 | FA178: No evalua | FB178: =+SUM(EC178/20)*100 -> 0 | FC178: No evalua | FD178: =+SUM(EE178/24)*100 -> 0 | FE178: =+SUM(EF178/16)*100 -> 0 | FF178: =+SUM(EG178/24)*100 -> 0 | FG178: =+SUM(EH178/120)*100 -> 0 | FH178: =+SUM(EI178/72)*100 -> 0 | FI178: =+SUM(EJ178/156)*100 -> 0 | FJ178: =+SUM(EK178/40)*100 -> 0 | FK178: =+SUM(EL178/388)*100 -> 0 | FM178: =EL178+'EXTRALABORAL B '!BH361 -> 0 | FN178: =+(FM178/512)*100 -> 0
A179: 176 | DO179: =+SUM(BR179:CD179) -> 0 | DP179: =+SUM(CE179:CP179) -> 0 | DQ179: =+SUM(CQ179:CU179) -> 0 | DR179: No aplica | DS179: =+SUM(BJ179:BN179) -> 0 | DT179: =+SUM(BO179:BQ179) -> 0 | DU179: =+SUM(BG179:BI179) -> 0 | DV179: =+SUM(AX179:BA179) -> 0 | DW179: =+SUM(BC179:BE179) -> 0 | DX179: =+SUM(V179:AG179) -> 0 | DY179: =+SUM(DF179:DN179) -> 0 | DZ179: =+SUM(AH179:AJ179) -> 0 | EA179: =+SUM(AT179:AW179) -> 0 | EB179: No evalua | EC179: =+SUM(AK179:AO179) -> 0 | ED179: No evalua | EE179: =+SUM(AP179+AQ179+AR179+AS179+BB179+BF179) -> 0 | EF179: =+SUM(DB179:DE179) -> 0 | EG179: =+SUM(CV179:DA179) -> 0 | EH179: =+SUM(DO179:DQ179) -> 0 | EI179: =+SUM(DS179:DW179) -> 0 | EJ179: =+SUM(DX179:EE179) -> 0 | EK179: =+SUM(EF179:EG179) -> 0 | EL179: =+SUM(EH179:EK179) -> 0 | EN179: =+SUM(DO179/52)*100 -> 0 | EO179: =+SUM(DP179/48)*100 -> 0 | EP179: =+SUM(DQ179/20)*100 -> 0 | EQ179: No aplica | ER179: =+SUM(DS179/20)*100 -> 0 | ES179: =+SUM(DT179/12)*100 -> 0 | ET179: =+SUM(DU179/12)*100 -> 0 | EU179: =+SUM(DV179/16)*100 -> 0 | EV179: =+SUM(DW179/12)*100 -> 0 | EW179: =+SUM(DX179/48)*100 -> 0 | EX179: =+SUM(DY179/36)*100 -> 0 | EY179: =+SUM(DZ179/12)*100 -> 0 | EZ179: =+SUM(EA179/16)*100 -> 0 | FA179: No evalua | FB179: =+SUM(EC179/20)*100 -> 0 | FC179: No evalua | FD179: =+SUM(EE179/24)*100 -> 0 | FE179: =+SUM(EF179/16)*100 -> 0 | FF179: =+SUM(EG179/24)*100 -> 0 | FG179: =+SUM(EH179/120)*100 -> 0 | FH179: =+SUM(EI179/72)*100 -> 0 | FI179: =+SUM(EJ179/156)*100 -> 0 | FJ179: =+SUM(EK179/40)*100 -> 0 | FK179: =+SUM(EL179/388)*100 -> 0 | FM179: =EL179+'EXTRALABORAL B '!BH362 -> 0 | FN179: =+(FM179/512)*100 -> 0
A180: 177 | DO180: =+SUM(BR180:CD180) -> 0 | DP180: =+SUM(CE180:CP180) -> 0 | DQ180: =+SUM(CQ180:CU180) -> 0 | DR180: No aplica | DS180: =+SUM(BJ180:BN180) -> 0 | DT180: =+SUM(BO180:BQ180) -> 0 | DU180: =+SUM(BG180:BI180) -> 0 | DV180: =+SUM(AX180:BA180) -> 0 | DW180: =+SUM(BC180:BE180) -> 0 | DX180: =+SUM(V180:AG180) -> 0 | DY180: =+SUM(DF180:DN180) -> 0 | DZ180: =+SUM(AH180:AJ180) -> 0 | EA180: =+SUM(AT180:AW180) -> 0 | EB180: No evalua | EC180: =+SUM(AK180:AO180) -> 0 | ED180: No evalua | EE180: =+SUM(AP180+AQ180+AR180+AS180+BB180+BF180) -> 0 | EF180: =+SUM(DB180:DE180) -> 0 | EG180: =+SUM(CV180:DA180) -> 0 | EH180: =+SUM(DO180:DQ180) -> 0 | EI180: =+SUM(DS180:DW180) -> 0 | EJ180: =+SUM(DX180:EE180) -> 0 | EK180: =+SUM(EF180:EG180) -> 0 | EL180: =+SUM(EH180:EK180) -> 0 | EN180: =+SUM(DO180/52)*100 -> 0 | EO180: =+SUM(DP180/48)*100 -> 0 | EP180: =+SUM(DQ180/20)*100 -> 0 | EQ180: No aplica | ER180: =+SUM(DS180/20)*100 -> 0 | ES180: =+SUM(DT180/12)*100 -> 0 | ET180: =+SUM(DU180/12)*100 -> 0 | EU180: =+SUM(DV180/16)*100 -> 0 | EV180: =+SUM(DW180/12)*100 -> 0 | EW180: =+SUM(DX180/48)*100 -> 0 | EX180: =+SUM(DY180/36)*100 -> 0 | EY180: =+SUM(DZ180/12)*100 -> 0 | EZ180: =+SUM(EA180/16)*100 -> 0 | FA180: No evalua | FB180: =+SUM(EC180/20)*100 -> 0 | FC180: No evalua | FD180: =+SUM(EE180/24)*100 -> 0 | FE180: =+SUM(EF180/16)*100 -> 0 | FF180: =+SUM(EG180/24)*100 -> 0 | FG180: =+SUM(EH180/120)*100 -> 0 | FH180: =+SUM(EI180/72)*100 -> 0 | FI180: =+SUM(EJ180/156)*100 -> 0 | FJ180: =+SUM(EK180/40)*100 -> 0 | FK180: =+SUM(EL180/388)*100 -> 0 | FM180: =EL180+'EXTRALABORAL B '!BH363 -> 0 | FN180: =+(FM180/512)*100 -> 0
A181: 178 | DO181: =+SUM(BR181:CD181) -> 0 | DP181: =+SUM(CE181:CP181) -> 0 | DQ181: =+SUM(CQ181:CU181) -> 0 | DR181: No aplica | DS181: =+SUM(BJ181:BN181) -> 0 | DT181: =+SUM(BO181:BQ181) -> 0 | DU181: =+SUM(BG181:BI181) -> 0 | DV181: =+SUM(AX181:BA181) -> 0 | DW181: =+SUM(BC181:BE181) -> 0 | DX181: =+SUM(V181:AG181) -> 0 | DY181: =+SUM(DF181:DN181) -> 0 | DZ181: =+SUM(AH181:AJ181) -> 0 | EA181: =+SUM(AT181:AW181) -> 0 | EB181: No evalua | EC181: =+SUM(AK181:AO181) -> 0 | ED181: No evalua | EE181: =+SUM(AP181+AQ181+AR181+AS181+BB181+BF181) -> 0 | EF181: =+SUM(DB181:DE181) -> 0 | EG181: =+SUM(CV181:DA181) -> 0 | EH181: =+SUM(DO181:DQ181) -> 0 | EI181: =+SUM(DS181:DW181) -> 0 | EJ181: =+SUM(DX181:EE181) -> 0 | EK181: =+SUM(EF181:EG181) -> 0 | EL181: =+SUM(EH181:EK181) -> 0 | EN181: =+SUM(DO181/52)*100 -> 0 | EO181: =+SUM(DP181/48)*100 -> 0 | EP181: =+SUM(DQ181/20)*100 -> 0 | EQ181: No aplica | ER181: =+SUM(DS181/20)*100 -> 0 | ES181: =+SUM(DT181/12)*100 -> 0 | ET181: =+SUM(DU181/12)*100 -> 0 | EU181: =+SUM(DV181/16)*100 -> 0 | EV181: =+SUM(DW181/12)*100 -> 0 | EW181: =+SUM(DX181/48)*100 -> 0 | EX181: =+SUM(DY181/36)*100 -> 0 | EY181: =+SUM(DZ181/12)*100 -> 0 | EZ181: =+SUM(EA181/16)*100 -> 0 | FA181: No evalua | FB181: =+SUM(EC181/20)*100 -> 0 | FC181: No evalua | FD181: =+SUM(EE181/24)*100 -> 0 | FE181: =+SUM(EF181/16)*100 -> 0 | FF181: =+SUM(EG181/24)*100 -> 0 | FG181: =+SUM(EH181/120)*100 -> 0 | FH181: =+SUM(EI181/72)*100 -> 0 | FI181: =+SUM(EJ181/156)*100 -> 0 | FJ181: =+SUM(EK181/40)*100 -> 0 | FK181: =+SUM(EL181/388)*100 -> 0 | FM181: =EL181+'EXTRALABORAL B '!BH364 -> 0 | FN181: =+(FM181/512)*100 -> 0
